-- MySQL dump 10.13  Distrib 5.6.23, for Win64 (x86_64)
--
-- Host: localhost    Database: cuihu
-- ------------------------------------------------------
-- Server version	5.6.23

/*!40101 SET @OLD_CHARACTER_SET_CLIENT=@@CHARACTER_SET_CLIENT */;
/*!40101 SET @OLD_CHARACTER_SET_RESULTS=@@CHARACTER_SET_RESULTS */;
/*!40101 SET @OLD_COLLATION_CONNECTION=@@COLLATION_CONNECTION */;
/*!40101 SET NAMES utf8 */;
/*!40103 SET @OLD_TIME_ZONE=@@TIME_ZONE */;
/*!40103 SET TIME_ZONE='+00:00' */;
/*!40014 SET @OLD_UNIQUE_CHECKS=@@UNIQUE_CHECKS, UNIQUE_CHECKS=0 */;
/*!40014 SET @OLD_FOREIGN_KEY_CHECKS=@@FOREIGN_KEY_CHECKS, FOREIGN_KEY_CHECKS=0 */;
/*!40101 SET @OLD_SQL_MODE=@@SQL_MODE, SQL_MODE='NO_AUTO_VALUE_ON_ZERO' */;
/*!40111 SET @OLD_SQL_NOTES=@@SQL_NOTES, SQL_NOTES=0 */;

--
-- Table structure for table `auth_group`
--

DROP TABLE IF EXISTS `auth_group`;
/*!40101 SET @saved_cs_client     = @@character_set_client */;
/*!40101 SET character_set_client = utf8 */;
CREATE TABLE `auth_group` (
  `id` int(11) NOT NULL AUTO_INCREMENT,
  `name` varchar(80) NOT NULL,
  PRIMARY KEY (`id`),
  UNIQUE KEY `name` (`name`)
) ENGINE=InnoDB DEFAULT CHARSET=utf8;
/*!40101 SET character_set_client = @saved_cs_client */;

--
-- Dumping data for table `auth_group`
--

LOCK TABLES `auth_group` WRITE;
/*!40000 ALTER TABLE `auth_group` DISABLE KEYS */;
/*!40000 ALTER TABLE `auth_group` ENABLE KEYS */;
UNLOCK TABLES;

--
-- Table structure for table `auth_group_permissions`
--

DROP TABLE IF EXISTS `auth_group_permissions`;
/*!40101 SET @saved_cs_client     = @@character_set_client */;
/*!40101 SET character_set_client = utf8 */;
CREATE TABLE `auth_group_permissions` (
  `id` int(11) NOT NULL AUTO_INCREMENT,
  `group_id` int(11) NOT NULL,
  `permission_id` int(11) NOT NULL,
  PRIMARY KEY (`id`),
  UNIQUE KEY `group_id` (`group_id`,`permission_id`),
  KEY `auth_group_permissi_permission_id_23962d04_fk_auth_permission_id` (`permission_id`),
  CONSTRAINT `auth_group_permissi_permission_id_23962d04_fk_auth_permission_id` FOREIGN KEY (`permission_id`) REFERENCES `auth_permission` (`id`),
  CONSTRAINT `auth_group_permissions_group_id_58c48ba9_fk_auth_group_id` FOREIGN KEY (`group_id`) REFERENCES `auth_group` (`id`)
) ENGINE=InnoDB DEFAULT CHARSET=utf8;
/*!40101 SET character_set_client = @saved_cs_client */;

--
-- Dumping data for table `auth_group_permissions`
--

LOCK TABLES `auth_group_permissions` WRITE;
/*!40000 ALTER TABLE `auth_group_permissions` DISABLE KEYS */;
/*!40000 ALTER TABLE `auth_group_permissions` ENABLE KEYS */;
UNLOCK TABLES;

--
-- Table structure for table `auth_permission`
--

DROP TABLE IF EXISTS `auth_permission`;
/*!40101 SET @saved_cs_client     = @@character_set_client */;
/*!40101 SET character_set_client = utf8 */;
CREATE TABLE `auth_permission` (
  `id` int(11) NOT NULL AUTO_INCREMENT,
  `name` varchar(255) NOT NULL,
  `content_type_id` int(11) NOT NULL,
  `codename` varchar(100) NOT NULL,
  PRIMARY KEY (`id`),
  UNIQUE KEY `content_type_id` (`content_type_id`,`codename`),
  CONSTRAINT `auth_permissi_content_type_id_51277a81_fk_django_content_type_id` FOREIGN KEY (`content_type_id`) REFERENCES `django_content_type` (`id`)
) ENGINE=InnoDB AUTO_INCREMENT=38 DEFAULT CHARSET=utf8;
/*!40101 SET character_set_client = @saved_cs_client */;

--
-- Dumping data for table `auth_permission`
--

LOCK TABLES `auth_permission` WRITE;
/*!40000 ALTER TABLE `auth_permission` DISABLE KEYS */;
INSERT INTO `auth_permission` VALUES (1,'Can add log entry',1,'add_logentry'),(2,'Can change log entry',1,'change_logentry'),(3,'Can delete log entry',1,'delete_logentry'),(4,'Can add permission',2,'add_permission'),(5,'Can change permission',2,'change_permission'),(6,'Can delete permission',2,'delete_permission'),(7,'Can add group',3,'add_group'),(8,'Can change group',3,'change_group'),(9,'Can delete group',3,'delete_group'),(10,'Can add user',4,'add_user'),(11,'Can change user',4,'change_user'),(12,'Can delete user',4,'delete_user'),(13,'Can add content type',5,'add_contenttype'),(14,'Can change content type',5,'change_contenttype'),(15,'Can delete content type',5,'delete_contenttype'),(16,'Can add session',6,'add_session'),(17,'Can change session',6,'change_session'),(18,'Can delete session',6,'delete_session'),(19,'Can add 栏目',7,'add_column'),(20,'Can change 栏目',7,'change_column'),(21,'Can delete 栏目',7,'delete_column'),(22,'Can add 教程',8,'add_article'),(23,'Can change 教程',8,'change_article'),(24,'Can delete 教程',8,'delete_article'),(25,'Can add comment',9,'add_comment'),(26,'Can change comment',9,'change_comment'),(27,'Can delete comment',9,'delete_comment'),(28,'Can moderate comments',9,'can_moderate'),(29,'Can add comment flag',10,'add_commentflag'),(30,'Can change comment flag',10,'change_commentflag'),(31,'Can delete comment flag',10,'delete_commentflag'),(32,'Can add site',11,'add_site'),(33,'Can change site',11,'change_site'),(34,'Can delete site',11,'delete_site'),(35,'Can add 标签',12,'add_tag'),(36,'Can change 标签',12,'change_tag'),(37,'Can delete 标签',12,'delete_tag');
/*!40000 ALTER TABLE `auth_permission` ENABLE KEYS */;
UNLOCK TABLES;

--
-- Table structure for table `auth_user`
--

DROP TABLE IF EXISTS `auth_user`;
/*!40101 SET @saved_cs_client     = @@character_set_client */;
/*!40101 SET character_set_client = utf8 */;
CREATE TABLE `auth_user` (
  `id` int(11) NOT NULL AUTO_INCREMENT,
  `password` varchar(128) NOT NULL,
  `last_login` datetime(6) DEFAULT NULL,
  `is_superuser` tinyint(1) NOT NULL,
  `username` varchar(30) NOT NULL,
  `first_name` varchar(30) NOT NULL,
  `last_name` varchar(30) NOT NULL,
  `email` varchar(254) NOT NULL,
  `is_staff` tinyint(1) NOT NULL,
  `is_active` tinyint(1) NOT NULL,
  `date_joined` datetime(6) NOT NULL,
  PRIMARY KEY (`id`),
  UNIQUE KEY `username` (`username`)
) ENGINE=InnoDB AUTO_INCREMENT=2 DEFAULT CHARSET=utf8;
/*!40101 SET character_set_client = @saved_cs_client */;

--
-- Dumping data for table `auth_user`
--

LOCK TABLES `auth_user` WRITE;
/*!40000 ALTER TABLE `auth_user` DISABLE KEYS */;
INSERT INTO `auth_user` VALUES (1,'pbkdf2_sha256$20000$GtiI8ekkoSgr$FnyFxq8iXGieeP1r9SqYbo0c+qvtc8hhRTDA8y739po=','2016-10-10 15:06:51.909000',1,'cuihu1','','','',1,1,'2016-09-18 11:16:29.410000');
/*!40000 ALTER TABLE `auth_user` ENABLE KEYS */;
UNLOCK TABLES;

--
-- Table structure for table `auth_user_groups`
--

DROP TABLE IF EXISTS `auth_user_groups`;
/*!40101 SET @saved_cs_client     = @@character_set_client */;
/*!40101 SET character_set_client = utf8 */;
CREATE TABLE `auth_user_groups` (
  `id` int(11) NOT NULL AUTO_INCREMENT,
  `user_id` int(11) NOT NULL,
  `group_id` int(11) NOT NULL,
  PRIMARY KEY (`id`),
  UNIQUE KEY `user_id` (`user_id`,`group_id`),
  KEY `auth_user_groups_group_id_30a071c9_fk_auth_group_id` (`group_id`),
  CONSTRAINT `auth_user_groups_group_id_30a071c9_fk_auth_group_id` FOREIGN KEY (`group_id`) REFERENCES `auth_group` (`id`),
  CONSTRAINT `auth_user_groups_user_id_24702650_fk_auth_user_id` FOREIGN KEY (`user_id`) REFERENCES `auth_user` (`id`)
) ENGINE=InnoDB DEFAULT CHARSET=utf8;
/*!40101 SET character_set_client = @saved_cs_client */;

--
-- Dumping data for table `auth_user_groups`
--

LOCK TABLES `auth_user_groups` WRITE;
/*!40000 ALTER TABLE `auth_user_groups` DISABLE KEYS */;
/*!40000 ALTER TABLE `auth_user_groups` ENABLE KEYS */;
UNLOCK TABLES;

--
-- Table structure for table `auth_user_user_permissions`
--

DROP TABLE IF EXISTS `auth_user_user_permissions`;
/*!40101 SET @saved_cs_client     = @@character_set_client */;
/*!40101 SET character_set_client = utf8 */;
CREATE TABLE `auth_user_user_permissions` (
  `id` int(11) NOT NULL AUTO_INCREMENT,
  `user_id` int(11) NOT NULL,
  `permission_id` int(11) NOT NULL,
  PRIMARY KEY (`id`),
  UNIQUE KEY `user_id` (`user_id`,`permission_id`),
  KEY `auth_user_user_perm_permission_id_3d7071f0_fk_auth_permission_id` (`permission_id`),
  CONSTRAINT `auth_user_user_perm_permission_id_3d7071f0_fk_auth_permission_id` FOREIGN KEY (`permission_id`) REFERENCES `auth_permission` (`id`),
  CONSTRAINT `auth_user_user_permissions_user_id_7cd7acb6_fk_auth_user_id` FOREIGN KEY (`user_id`) REFERENCES `auth_user` (`id`)
) ENGINE=InnoDB DEFAULT CHARSET=utf8;
/*!40101 SET character_set_client = @saved_cs_client */;

--
-- Dumping data for table `auth_user_user_permissions`
--

LOCK TABLES `auth_user_user_permissions` WRITE;
/*!40000 ALTER TABLE `auth_user_user_permissions` DISABLE KEYS */;
/*!40000 ALTER TABLE `auth_user_user_permissions` ENABLE KEYS */;
UNLOCK TABLES;

--
-- Table structure for table `django_admin_log`
--

DROP TABLE IF EXISTS `django_admin_log`;
/*!40101 SET @saved_cs_client     = @@character_set_client */;
/*!40101 SET character_set_client = utf8 */;
CREATE TABLE `django_admin_log` (
  `id` int(11) NOT NULL AUTO_INCREMENT,
  `action_time` datetime(6) NOT NULL,
  `object_id` longtext,
  `object_repr` varchar(200) NOT NULL,
  `action_flag` smallint(5) unsigned NOT NULL,
  `change_message` longtext NOT NULL,
  `content_type_id` int(11) DEFAULT NULL,
  `user_id` int(11) NOT NULL,
  PRIMARY KEY (`id`),
  KEY `django_admin__content_type_id_5151027a_fk_django_content_type_id` (`content_type_id`),
  KEY `django_admin_log_user_id_1c5f563_fk_auth_user_id` (`user_id`),
  CONSTRAINT `django_admin__content_type_id_5151027a_fk_django_content_type_id` FOREIGN KEY (`content_type_id`) REFERENCES `django_content_type` (`id`),
  CONSTRAINT `django_admin_log_user_id_1c5f563_fk_auth_user_id` FOREIGN KEY (`user_id`) REFERENCES `auth_user` (`id`)
) ENGINE=InnoDB AUTO_INCREMENT=192 DEFAULT CHARSET=utf8;
/*!40101 SET character_set_client = @saved_cs_client */;

--
-- Dumping data for table `django_admin_log`
--

LOCK TABLES `django_admin_log` WRITE;
/*!40000 ALTER TABLE `django_admin_log` DISABLE KEYS */;
INSERT INTO `django_admin_log` VALUES (1,'2016-09-18 11:18:04.696000','1','Python',1,'',7,1),(2,'2016-09-18 11:18:30.923000','1','Python',3,'',7,1),(3,'2016-09-19 03:04:16.899000','30','科技新闻_10',2,'已修改 content 。',8,1),(4,'2016-09-19 03:05:18.153000','30','科技新闻_10',2,'已修改 content 。',8,1),(5,'2016-09-19 03:06:11.247000','30','科技新闻_10',2,'已修改 content 。',8,1),(6,'2016-09-19 03:06:35.122000','30','科技新闻_10',2,'已修改 content 。',8,1),(7,'2016-09-19 03:13:52.542000','30','科技新闻_10',2,'已修改 content 。',8,1),(8,'2016-09-20 06:47:30.786000','2','体育新闻',2,'已修改 intro，nav_display 和 home_display 。',7,1),(9,'2016-09-20 06:48:11.521000','30','科技新闻_10',2,'没有字段被修改。',8,1),(10,'2016-09-21 05:39:48.437000','5','免责声明',1,'',7,1),(11,'2016-09-21 05:40:47.922000','31','免责声明',1,'',8,1),(12,'2016-09-21 05:41:38.591000','31','免责声明',2,'已修改 slug 。',8,1),(13,'2016-09-21 05:42:23.884000','5','免责声明',2,'已修改 slug 。',7,1),(14,'2016-09-21 06:00:37.301000','31','免责声明',3,'',8,1),(15,'2016-09-21 06:00:48.052000','5','免责声明',3,'',7,1),(16,'2016-09-21 06:10:30.081000','6','免责声明',1,'',7,1),(17,'2016-09-21 06:12:00.830000','32','免责声明',1,'',8,1),(18,'2016-09-21 06:46:05.951000','32','免责声明',2,'已修改 content 。',8,1),(19,'2016-09-21 06:48:33.292000','32','免责声明',2,'已修改 content 。',8,1),(20,'2016-09-21 06:53:00.078000','32','免责声明',2,'已修改 content 。',8,1),(21,'2016-09-21 06:53:24.197000','32','免责声明',2,'已修改 content 。',8,1),(22,'2016-09-21 06:54:28.069000','32','免责声明',2,'已修改 content 。',8,1),(23,'2016-09-21 06:54:55.341000','32','免责声明',2,'已修改 content 。',8,1),(24,'2016-09-21 08:14:10.742000','1','体育新闻_1',2,'已修改 content 。',8,1),(25,'2016-09-21 09:24:41.484000','1','cuihu.com',2,'已修改 domain 和 name 。',11,1),(26,'2016-09-22 03:31:17.162000','2','体育新闻',2,'已修改 home_display 。',7,1),(27,'2016-09-22 03:31:28.783000','3','社会新闻',2,'已修改 intro 和 nav_display 。',7,1),(28,'2016-09-22 03:31:36.785000','4','科技新闻',2,'已修改 intro 和 nav_display 。',7,1),(29,'2016-09-22 05:09:50.849000','7','linux',1,'',7,1),(30,'2016-09-22 05:10:08.558000','8','Python',1,'',7,1),(31,'2016-09-22 05:10:32.505000','9','django',1,'',7,1),(32,'2016-09-22 05:34:02.774000','10','acm_pku',1,'',7,1),(33,'2016-09-22 05:35:11.398000','33','acm_pku 1000',1,'',8,1),(34,'2016-09-22 05:42:14.278000','33','acm_pku 1000',2,'已修改 content 。',8,1),(35,'2016-09-23 04:03:25.546000','1','python',1,'',12,1),(36,'2016-09-23 04:03:28.974000','2','linux',1,'',12,1),(37,'2016-09-23 04:03:40.289000','3','健身',1,'',12,1),(38,'2016-09-23 04:03:49.506000','4','django',1,'',12,1),(39,'2016-09-23 04:04:17.825000','5','囚徒健身',1,'',12,1),(40,'2016-09-23 04:04:26.664000','6','罗玉凤',1,'',12,1),(41,'2016-09-23 04:10:55.004000','10','acm_pku',2,'已修改 blog_nav 。',7,1),(42,'2016-09-23 04:11:18.616000','9','django',2,'已修改 blog_nav 。',7,1),(43,'2016-09-23 04:11:26.759000','7','linux',2,'已修改 blog_nav 。',7,1),(44,'2016-09-23 04:11:33.163000','8','Python',2,'已修改 blog_nav 。',7,1),(45,'2016-09-23 04:11:37.852000','2','体育新闻',2,'已修改 news_nav 。',7,1),(46,'2016-09-23 04:11:43.625000','3','社会新闻',2,'已修改 news_nav 。',7,1),(47,'2016-09-23 04:11:49.915000','4','科技新闻',2,'已修改 news_nav 。',7,1),(48,'2016-09-23 05:23:56.082000','32','免责声明',2,'已修改 tags 。',8,1),(49,'2016-09-23 05:24:32.298000','32','免责声明',2,'已修改 tags 。',8,1),(50,'2016-09-23 06:05:10.808000','10','体育新闻_10',2,'已修改 tags 和 content 。',8,1),(51,'2016-09-23 06:05:23.693000','9','体育新闻_9',2,'已修改 tags 和 content 。',8,1),(52,'2016-09-23 06:05:36.034000','27','科技新闻_7',2,'已修改 tags 和 content 。',8,1),(53,'2016-09-23 08:06:26.086000','10','体育新闻_10',2,'没有字段被修改。',8,1),(54,'2016-09-23 09:03:34.081000','1','体育新闻_1',2,'已修改 tags 。',8,1),(55,'2016-09-26 06:45:00.290000','34','部署方法',1,'',8,1),(56,'2016-09-26 06:50:20.109000','34','部署方法',2,'已修改 content 。',8,1),(57,'2016-09-26 06:51:12.090000','34','部署方法',2,'已修改 content 。',8,1),(58,'2016-09-26 07:00:34.400000','34','部署方法',2,'已修改 content 。',8,1),(59,'2016-09-29 08:20:22.125000','181','pku acm problem 2136',3,'',8,1),(60,'2016-09-29 08:20:22.166000','180','pku acm problem 2833',3,'',8,1),(61,'2016-09-29 08:20:22.249000','179','pku acm problem 1182',3,'',8,1),(62,'2016-09-29 08:20:22.271000','178','pku acm problem 2243',3,'',8,1),(63,'2016-09-29 08:20:22.299000','177','pku acm problem 2081',3,'',8,1),(64,'2016-09-29 08:20:22.321000','176','pku acm problem 2521',3,'',8,1),(65,'2016-09-29 08:20:22.349000','175','pku acm problem 3094',3,'',8,1),(66,'2016-09-29 08:20:22.371000','174','pku acm problem 1050',3,'',8,1),(67,'2016-09-29 08:20:22.399000','173','pku acm problem 1051',3,'',8,1),(68,'2016-09-29 08:20:22.422000','172','pku acm problem 1019',3,'',8,1),(69,'2016-09-29 08:21:18.191000','171','pku acm problem 3627',3,'',8,1),(70,'2016-09-29 08:21:18.233000','170','pku acm problem 2636',3,'',8,1),(71,'2016-09-29 08:21:18.255000','169','pku acm problem 1455',3,'',8,1),(72,'2016-09-29 08:21:18.283000','168','pku acm problem 2000',3,'',8,1),(73,'2016-09-29 08:21:18.305000','167','pku acm problem 2105',3,'',8,1),(74,'2016-09-29 08:21:18.333000','166','pku acm problem 2109',3,'',8,1),(75,'2016-09-29 08:21:18.355000','165','pku acm problem 1975',3,'',8,1),(76,'2016-09-29 08:21:18.383000','164','pku acm problem 3302',3,'',8,1),(77,'2016-09-29 08:21:18.405000','163','pku acm problem 1028',3,'',8,1),(78,'2016-09-29 08:21:18.455000','162','pku acm problem 1651',3,'',8,1),(79,'2016-09-29 08:21:18.505000','161','pku acm problem 2533',3,'',8,1),(80,'2016-09-29 08:21:18.533000','160','pku acm problem 2140',3,'',8,1),(81,'2016-09-29 08:21:18.555000','159','pku acm problem 2234',3,'',8,1),(82,'2016-09-29 08:21:18.583000','158','pku acm problem 2231',3,'',8,1),(83,'2016-09-29 08:21:18.605000','157','pku acm problem 2421',3,'',8,1),(84,'2016-09-29 08:21:18.633000','156','pku acm problem 1401',3,'',8,1),(85,'2016-09-29 08:21:18.655000','155','pku acm problem 1979',3,'',8,1),(86,'2016-09-29 08:21:18.683000','154','pku acm problem 3030',3,'',8,1),(87,'2016-09-29 08:21:18.705000','153','pku acm problem 3032',3,'',8,1),(88,'2016-09-29 08:21:18.733000','152','pku acm problem 2612',3,'',8,1),(89,'2016-09-29 08:21:18.755000','151','pku acm problem 2509',3,'',8,1),(90,'2016-09-29 08:21:18.783000','150','pku acm problem 1323',3,'',8,1),(91,'2016-09-29 08:21:18.805000','149','pku acm problem 3230',3,'',8,1),(92,'2016-09-29 08:21:18.835000','148','pku acm problem 1125',3,'',8,1),(93,'2016-09-29 08:21:18.855000','147','pku acm problem 1126',3,'',8,1),(94,'2016-09-29 08:21:18.883000','146','pku acm problem 1731',3,'',8,1),(95,'2016-09-29 08:21:18.905000','145','pku acm problem 1247',3,'',8,1),(96,'2016-09-29 08:21:18.933000','144','pku acm problem 2027',3,'',8,1),(97,'2016-09-29 08:21:18.956000','143','pku acm problem 1797',3,'',8,1),(98,'2016-09-29 08:21:18.983000','142','pku acm problem 3224',3,'',8,1),(99,'2016-09-29 08:21:19.005000','141','pku acm problem 2681',3,'',8,1),(100,'2016-09-29 08:21:19.033000','140','pku acm problem 2478',3,'',8,1),(101,'2016-09-29 08:21:19.055000','139','pku acm problem 3325',3,'',8,1),(102,'2016-09-29 08:21:19.083000','138','pku acm problem 1003',3,'',8,1),(103,'2016-09-29 08:21:19.105000','137','pku acm problem 1002',3,'',8,1),(104,'2016-09-29 08:21:19.132000','136','pku acm problem 1000',3,'',8,1),(105,'2016-09-29 08:21:19.155000','135','pku acm problem 1007',3,'',8,1),(106,'2016-09-29 08:21:19.183000','134','pku acm problem 1006',3,'',8,1),(107,'2016-09-29 08:21:19.205000','133','pku acm problem 2350',3,'',8,1),(108,'2016-09-29 08:21:19.233000','132','pku acm problem 1004',3,'',8,1),(109,'2016-09-29 08:21:19.255000','131','pku acm problem 2601',3,'',8,1),(110,'2016-09-29 08:21:19.283000','130','pku acm problem 1008',3,'',8,1),(111,'2016-09-29 08:21:19.305000','129','pku acm problem 1316',3,'',8,1),(112,'2016-09-29 08:21:19.333000','128','pku acm problem 2606',3,'',8,1),(113,'2016-09-29 08:21:19.355000','127','pku acm problem 1088',3,'',8,1),(114,'2016-09-29 08:21:19.383000','126','pku acm problem 3096',3,'',8,1),(115,'2016-09-29 08:21:19.406000','125','pku acm problem 2590',3,'',8,1),(116,'2016-09-29 08:21:19.433000','124','pku acm problem 1250',3,'',8,1),(117,'2016-09-29 08:21:19.455000','123','pku acm problem 1256',3,'',8,1),(118,'2016-09-29 08:21:19.483000','122','pku acm problem 1595',3,'',8,1),(119,'2016-09-29 08:21:19.505000','121','pku acm problem 1547',3,'',8,1),(120,'2016-09-29 08:21:19.532000','120','pku acm problem 1915',3,'',8,1),(121,'2016-09-29 08:21:19.555000','119','pku acm problem 1226',3,'',8,1),(122,'2016-09-29 08:21:19.582000','118','pku acm problem 3117',3,'',8,1),(123,'2016-09-29 08:21:19.605000','117','pku acm problem 1658',3,'',8,1),(124,'2016-09-29 08:21:19.632000','116','pku acm problem 1012',3,'',8,1),(125,'2016-09-29 08:21:19.655000','115','pku acm problem 3051',3,'',8,1),(126,'2016-09-29 08:21:19.683000','114','pku acm problem 2209',3,'',8,1),(127,'2016-09-29 08:21:19.705000','113','pku acm problem 1017',3,'',8,1),(128,'2016-09-29 08:21:19.732000','112','pku acm problem 1146',3,'',8,1),(129,'2016-09-29 08:21:19.755000','111','pku acm problem 1147',3,'',8,1),(130,'2016-09-29 08:21:19.783000','110','pku acm problem 1142',3,'',8,1),(131,'2016-09-29 08:21:19.805000','109','pku acm problem 1306',3,'',8,1),(132,'2016-09-29 08:21:19.833000','108','pku acm problem 1095',3,'',8,1),(133,'2016-09-29 08:21:19.855000','107','pku acm problem 2388',3,'',8,1),(134,'2016-09-29 08:21:19.883000','106','pku acm problem 3100',3,'',8,1),(135,'2016-09-29 08:21:19.924000','105','pku acm problem 3589',3,'',8,1),(136,'2016-09-29 08:21:19.947000','104','pku acm problem 1844',3,'',8,1),(137,'2016-09-29 08:21:19.974000','103','pku acm problem 3062',3,'',8,1),(138,'2016-09-29 08:21:19.997000','102','pku acm problem 2371',3,'',8,1),(139,'2016-09-29 08:21:20.024000','101','pku acm problem 1005',3,'',8,1),(140,'2016-09-29 08:21:20.047000','100','pku acm problem 1067',3,'',8,1),(141,'2016-09-29 08:21:20.074000','99','pku acm problem 2578',3,'',8,1),(142,'2016-09-29 08:21:20.097000','98','pku acm problem 2665',3,'',8,1),(143,'2016-09-29 08:21:20.126000','97','pku acm problem 1565',3,'',8,1),(144,'2016-09-29 08:21:20.147000','96','pku acm problem 2017',3,'',8,1),(145,'2016-09-29 08:21:20.174000','95','pku acm problem 3668',3,'',8,1),(146,'2016-09-29 08:21:20.197000','94','pku acm problem 3176',3,'',8,1),(147,'2016-09-29 08:21:20.225000','93','pku acm problem 1674',3,'',8,1),(148,'2016-09-29 08:21:20.247000','92','pku acm problem 3173',3,'',8,1),(149,'2016-09-29 08:21:20.274000','91','pku acm problem 1160',3,'',8,1),(150,'2016-09-29 08:21:20.297000','90','pku acm problem 1163',3,'',8,1),(151,'2016-09-29 08:21:20.324000','89','pku acm problem 1201',3,'',8,1),(152,'2016-09-29 08:21:20.347000','88','pku acm problem 2656',3,'',8,1),(153,'2016-09-29 08:21:20.374000','87','pku acm problem 2418',3,'',8,1),(154,'2016-09-29 08:21:20.397000','86','pku acm problem 1207',3,'',8,1),(155,'2016-09-29 08:21:20.424000','85','pku acm problem 1477',3,'',8,1),(156,'2016-09-29 08:21:20.447000','84','pku acm problem 2141',3,'',8,1),(157,'2016-09-29 08:21:20.474000','83','pku acm problem 3749',3,'',8,1),(158,'2016-09-29 08:21:20.497000','82','pku acm problem 2309',3,'',8,1),(159,'2016-09-29 08:21:20.524000','81','pku acm problem 1699',3,'',8,1),(160,'2016-09-29 08:21:20.547000','80','pku acm problem 1887',3,'',8,1),(161,'2016-09-29 08:21:20.574000','79','pku acm problem 1519',3,'',8,1),(162,'2016-09-29 08:21:20.597000','78','pku acm problem 2121',3,'',8,1),(163,'2016-09-29 08:21:20.624000','77','pku acm problem 3210',3,'',8,1),(164,'2016-09-29 08:21:20.647000','76','pku acm problem 1298',3,'',8,1),(165,'2016-09-29 08:21:20.674000','75','pku acm problem 3672',3,'',8,1),(166,'2016-09-29 08:21:20.697000','74','pku acm problem 3673',3,'',8,1),(167,'2016-09-29 08:21:20.724000','73','pku acm problem 1218',3,'',8,1),(168,'2016-09-29 08:21:20.747000','72','pku acm problem 1047',3,'',8,1),(169,'2016-09-29 08:21:20.774000','71','pku acm problem 1046',3,'',8,1),(170,'2016-09-29 08:21:20.807000','70','pku acm problem 3561',3,'',8,1),(171,'2016-09-29 08:21:20.830000','69','pku acm problem 1118',3,'',8,1),(172,'2016-09-29 08:21:20.857000','68','pku acm problem 3086',3,'',8,1),(173,'2016-09-29 08:21:20.880000','67','pku acm problem 2403',3,'',8,1),(174,'2016-09-29 08:21:20.907000','66','pku acm problem 1111',3,'',8,1),(175,'2016-09-29 08:21:20.930000','65','pku acm problem 2405',3,'',8,1),(176,'2016-09-30 01:53:20.042000','7','acm_pku',1,'',12,1),(177,'2016-09-30 01:53:23.140000','298','pku acm problem 2136',2,'已修改 tags 和 content 。',8,1),(178,'2016-09-30 14:28:48.422000','298','pku acm problem 2136',2,'已修改 tags 和 content 。',8,1),(179,'2016-09-30 15:36:23.867000','297','pku acm problem 2833',2,'已修改 tags 和 content 。',8,1),(180,'2016-10-10 15:08:01.476000','11','git',1,'',7,1),(181,'2016-10-11 13:10:51.960000','364','测试图片上传博文',1,'',8,1),(182,'2016-10-11 14:17:39.690000','364','测试图片上传博文',2,'没有字段被修改。',8,1),(183,'2016-10-11 14:21:43.711000','364','测试图片上传博文',2,'已修改 content 。',8,1),(184,'2016-10-11 14:39:17.150000','364','测试图片上传博文',2,'已修改 content 。',8,1),(185,'2016-10-11 14:54:34.091000','364','测试图片上传博文',2,'已修改 content 。',8,1),(186,'2016-10-11 14:55:41.430000','364','测试图片上传博文',2,'已修改 content 。',8,1),(187,'2016-10-11 15:22:25.685000','364','测试图片上传博文',2,'已修改 content 。',8,1),(188,'2016-10-11 15:24:38.881000','364','测试图片上传博文',2,'已修改 content 。',8,1),(189,'2016-10-11 15:32:19.614000','364','测试图片上传博文',2,'已修改 content 。',8,1),(190,'2016-10-11 15:33:25.658000','364','测试图片上传博文',2,'已修改 content 。',8,1),(191,'2016-10-11 16:28:38.469000','364','测试图片上传博文',2,'已修改 content 。',8,1);
/*!40000 ALTER TABLE `django_admin_log` ENABLE KEYS */;
UNLOCK TABLES;

--
-- Table structure for table `django_comment_flags`
--

DROP TABLE IF EXISTS `django_comment_flags`;
/*!40101 SET @saved_cs_client     = @@character_set_client */;
/*!40101 SET character_set_client = utf8 */;
CREATE TABLE `django_comment_flags` (
  `id` int(11) NOT NULL AUTO_INCREMENT,
  `flag` varchar(30) NOT NULL,
  `flag_date` datetime(6) NOT NULL,
  `comment_id` int(11) NOT NULL,
  `user_id` int(11) NOT NULL,
  PRIMARY KEY (`id`),
  UNIQUE KEY `django_comment_flags_user_id_641f11c1_uniq` (`user_id`,`comment_id`,`flag`),
  KEY `django_comment_flags_comment_id_7f2b4c55_fk_django_comments_id` (`comment_id`),
  KEY `django_comment_flags_327a6c43` (`flag`),
  CONSTRAINT `django_comment_flags_comment_id_7f2b4c55_fk_django_comments_id` FOREIGN KEY (`comment_id`) REFERENCES `django_comments` (`id`),
  CONSTRAINT `django_comment_flags_user_id_3512f4c_fk_auth_user_id` FOREIGN KEY (`user_id`) REFERENCES `auth_user` (`id`)
) ENGINE=InnoDB AUTO_INCREMENT=8 DEFAULT CHARSET=utf8;
/*!40101 SET character_set_client = @saved_cs_client */;

--
-- Dumping data for table `django_comment_flags`
--

LOCK TABLES `django_comment_flags` WRITE;
/*!40000 ALTER TABLE `django_comment_flags` DISABLE KEYS */;
INSERT INTO `django_comment_flags` VALUES (1,'moderator approval','2016-09-21 10:16:33.301000',7,1),(2,'moderator approval','2016-09-21 10:16:33.361000',6,1),(3,'moderator approval','2016-09-21 10:16:33.454000',5,1),(4,'moderator approval','2016-09-21 10:16:33.504000',4,1),(5,'moderator approval','2016-09-21 10:16:33.562000',3,1),(6,'moderator approval','2016-09-21 10:16:33.616000',2,1),(7,'moderator approval','2016-09-21 10:16:33.702000',1,1);
/*!40000 ALTER TABLE `django_comment_flags` ENABLE KEYS */;
UNLOCK TABLES;

--
-- Table structure for table `django_comments`
--

DROP TABLE IF EXISTS `django_comments`;
/*!40101 SET @saved_cs_client     = @@character_set_client */;
/*!40101 SET character_set_client = utf8 */;
CREATE TABLE `django_comments` (
  `id` int(11) NOT NULL AUTO_INCREMENT,
  `object_pk` longtext NOT NULL,
  `user_name` varchar(50) NOT NULL,
  `user_email` varchar(254) NOT NULL,
  `user_url` varchar(200) NOT NULL,
  `comment` longtext NOT NULL,
  `submit_date` datetime(6) NOT NULL,
  `ip_address` char(39) DEFAULT NULL,
  `is_public` tinyint(1) NOT NULL,
  `is_removed` tinyint(1) NOT NULL,
  `content_type_id` int(11) NOT NULL,
  `site_id` int(11) NOT NULL,
  `user_id` int(11) DEFAULT NULL,
  PRIMARY KEY (`id`),
  KEY `django_commen_content_type_id_5626a505_fk_django_content_type_id` (`content_type_id`),
  KEY `django_comments_site_id_6ea83216_fk_django_site_id` (`site_id`),
  KEY `django_comments_user_id_2c584e2_fk_auth_user_id` (`user_id`),
  KEY `django_comments_submit_date_5c84a37e_uniq` (`submit_date`),
  CONSTRAINT `django_commen_content_type_id_5626a505_fk_django_content_type_id` FOREIGN KEY (`content_type_id`) REFERENCES `django_content_type` (`id`),
  CONSTRAINT `django_comments_site_id_6ea83216_fk_django_site_id` FOREIGN KEY (`site_id`) REFERENCES `django_site` (`id`),
  CONSTRAINT `django_comments_user_id_2c584e2_fk_auth_user_id` FOREIGN KEY (`user_id`) REFERENCES `auth_user` (`id`)
) ENGINE=InnoDB AUTO_INCREMENT=10 DEFAULT CHARSET=utf8;
/*!40101 SET character_set_client = @saved_cs_client */;

--
-- Dumping data for table `django_comments`
--

LOCK TABLES `django_comments` WRITE;
/*!40000 ALTER TABLE `django_comments` DISABLE KEYS */;
INSERT INTO `django_comments` VALUES (1,'1','','','','本网站所提供的信息，只供参考之用。','2016-09-21 10:04:02.178000',NULL,1,0,9,1,NULL),(2,'1','','','','本网站所提供的信息，只供参考之用。','2016-09-21 10:10:53.498000',NULL,1,0,9,1,NULL),(3,'1','','','','本网站所提供的信息，只供参考之用。','2016-09-21 10:11:34.590000',NULL,1,0,9,1,NULL),(4,'1','','','','本网站所提供的信息，只供参考之用。','2016-09-21 10:12:31.415000',NULL,1,0,9,1,NULL),(5,'1','','','','本网站所提供的信息，只供参考之用。','2016-09-21 10:12:57.379000',NULL,1,0,9,1,NULL),(6,'1','','','','本网站所提供的信息，只供参考之用。','2016-09-21 10:13:45.940000',NULL,1,0,9,1,NULL),(7,'1','','','','本网站所提供的信息，只供参考之用。','2016-09-21 10:15:43.696000',NULL,1,0,9,1,NULL),(8,'1','','','','本网站所提供的信息，只供参考之用。','2016-09-21 10:35:11.670000',NULL,1,0,9,1,NULL),(9,'1','许氏宗景','','','本网站所提供的信息，只供参考之用。','2016-09-21 10:38:26.203000',NULL,1,0,9,1,NULL);
/*!40000 ALTER TABLE `django_comments` ENABLE KEYS */;
UNLOCK TABLES;

--
-- Table structure for table `django_content_type`
--

DROP TABLE IF EXISTS `django_content_type`;
/*!40101 SET @saved_cs_client     = @@character_set_client */;
/*!40101 SET character_set_client = utf8 */;
CREATE TABLE `django_content_type` (
  `id` int(11) NOT NULL AUTO_INCREMENT,
  `app_label` varchar(100) NOT NULL,
  `model` varchar(100) NOT NULL,
  PRIMARY KEY (`id`),
  UNIQUE KEY `django_content_type_app_label_3ec8c61c_uniq` (`app_label`,`model`)
) ENGINE=InnoDB AUTO_INCREMENT=13 DEFAULT CHARSET=utf8;
/*!40101 SET character_set_client = @saved_cs_client */;

--
-- Dumping data for table `django_content_type`
--

LOCK TABLES `django_content_type` WRITE;
/*!40000 ALTER TABLE `django_content_type` DISABLE KEYS */;
INSERT INTO `django_content_type` VALUES (1,'admin','logentry'),(3,'auth','group'),(2,'auth','permission'),(4,'auth','user'),(5,'contenttypes','contenttype'),(9,'django_comments','comment'),(10,'django_comments','commentflag'),(6,'sessions','session'),(11,'sites','site'),(8,'website','article'),(7,'website','column'),(12,'website','tag');
/*!40000 ALTER TABLE `django_content_type` ENABLE KEYS */;
UNLOCK TABLES;

--
-- Table structure for table `django_migrations`
--

DROP TABLE IF EXISTS `django_migrations`;
/*!40101 SET @saved_cs_client     = @@character_set_client */;
/*!40101 SET character_set_client = utf8 */;
CREATE TABLE `django_migrations` (
  `id` int(11) NOT NULL AUTO_INCREMENT,
  `app` varchar(255) NOT NULL,
  `name` varchar(255) NOT NULL,
  `applied` datetime(6) NOT NULL,
  PRIMARY KEY (`id`)
) ENGINE=InnoDB AUTO_INCREMENT=21 DEFAULT CHARSET=utf8;
/*!40101 SET character_set_client = @saved_cs_client */;

--
-- Dumping data for table `django_migrations`
--

LOCK TABLES `django_migrations` WRITE;
/*!40000 ALTER TABLE `django_migrations` DISABLE KEYS */;
INSERT INTO `django_migrations` VALUES (1,'contenttypes','0001_initial','2016-09-18 11:16:08.248000'),(2,'auth','0001_initial','2016-09-18 11:16:12.597000'),(3,'admin','0001_initial','2016-09-18 11:16:13.829000'),(4,'contenttypes','0002_remove_content_type_name','2016-09-18 11:16:14.501000'),(5,'auth','0002_alter_permission_name_max_length','2016-09-18 11:16:14.967000'),(6,'auth','0003_alter_user_email_max_length','2016-09-18 11:16:15.479000'),(7,'auth','0004_alter_user_username_opts','2016-09-18 11:16:15.536000'),(8,'auth','0005_alter_user_last_login_null','2016-09-18 11:16:15.902000'),(9,'auth','0006_require_contenttypes_0002','2016-09-18 11:16:15.940000'),(10,'sessions','0001_initial','2016-09-18 11:16:16.280000'),(11,'website','0001_initial','2016-09-18 11:16:18.619000'),(12,'website','0002_auto_20160918_1737','2016-09-18 11:16:20.188000'),(13,'website','0003_auto_20160919_1355','2016-09-19 06:54:38.071000'),(14,'website','0004_auto_20160919_1721','2016-09-19 09:23:13.180000'),(15,'sites','0001_initial','2016-09-21 09:07:30.065000'),(16,'django_comments','0001_initial','2016-09-21 09:07:33.867000'),(17,'django_comments','0002_update_user_email_field_length','2016-09-21 09:07:34.513000'),(18,'django_comments','0003_add_submit_date_index','2016-09-21 09:07:34.840000'),(19,'website','0005_auto_20160923_1150','2016-09-23 04:01:11.299000'),(20,'website','0006_auto_20160923_1154','2016-09-23 04:01:11.417000');
/*!40000 ALTER TABLE `django_migrations` ENABLE KEYS */;
UNLOCK TABLES;

--
-- Table structure for table `django_session`
--

DROP TABLE IF EXISTS `django_session`;
/*!40101 SET @saved_cs_client     = @@character_set_client */;
/*!40101 SET character_set_client = utf8 */;
CREATE TABLE `django_session` (
  `session_key` varchar(40) NOT NULL,
  `session_data` longtext NOT NULL,
  `expire_date` datetime(6) NOT NULL,
  PRIMARY KEY (`session_key`),
  KEY `django_session_de54fa62` (`expire_date`)
) ENGINE=InnoDB DEFAULT CHARSET=utf8;
/*!40101 SET character_set_client = @saved_cs_client */;

--
-- Dumping data for table `django_session`
--

LOCK TABLES `django_session` WRITE;
/*!40000 ALTER TABLE `django_session` DISABLE KEYS */;
INSERT INTO `django_session` VALUES ('gev8exhpfxcl9kkdm1ppm6k8js87vf0n','YjllMzdhZTZhZGFjZGVjMzJhNmEzYTc5MWI2MjQzYWE5NmVhMDI1MTp7Il9hdXRoX3VzZXJfaGFzaCI6IjU1NzJiNGEzNmJiZGQxNWNiNjlhYzY3NTY2NTc2M2NkNDdlYjkzNzAiLCJfYXV0aF91c2VyX2JhY2tlbmQiOiJkamFuZ28uY29udHJpYi5hdXRoLmJhY2tlbmRzLk1vZGVsQmFja2VuZCIsIl9hdXRoX3VzZXJfaWQiOiIxIn0=','2016-10-24 15:06:51.984000'),('oan0z1z89yxi6ym9etx7bvakf3iglxl3','YjllMzdhZTZhZGFjZGVjMzJhNmEzYTc5MWI2MjQzYWE5NmVhMDI1MTp7Il9hdXRoX3VzZXJfaGFzaCI6IjU1NzJiNGEzNmJiZGQxNWNiNjlhYzY3NTY2NTc2M2NkNDdlYjkzNzAiLCJfYXV0aF91c2VyX2JhY2tlbmQiOiJkamFuZ28uY29udHJpYi5hdXRoLmJhY2tlbmRzLk1vZGVsQmFja2VuZCIsIl9hdXRoX3VzZXJfaWQiOiIxIn0=','2016-10-10 06:43:54.355000');
/*!40000 ALTER TABLE `django_session` ENABLE KEYS */;
UNLOCK TABLES;

--
-- Table structure for table `django_site`
--

DROP TABLE IF EXISTS `django_site`;
/*!40101 SET @saved_cs_client     = @@character_set_client */;
/*!40101 SET character_set_client = utf8 */;
CREATE TABLE `django_site` (
  `id` int(11) NOT NULL AUTO_INCREMENT,
  `domain` varchar(100) NOT NULL,
  `name` varchar(50) NOT NULL,
  PRIMARY KEY (`id`)
) ENGINE=InnoDB AUTO_INCREMENT=2 DEFAULT CHARSET=utf8;
/*!40101 SET character_set_client = @saved_cs_client */;

--
-- Dumping data for table `django_site`
--

LOCK TABLES `django_site` WRITE;
/*!40000 ALTER TABLE `django_site` DISABLE KEYS */;
INSERT INTO `django_site` VALUES (1,'cuihu.com','cuihu.com');
/*!40000 ALTER TABLE `django_site` ENABLE KEYS */;
UNLOCK TABLES;

--
-- Table structure for table `website_article`
--

DROP TABLE IF EXISTS `website_article`;
/*!40101 SET @saved_cs_client     = @@character_set_client */;
/*!40101 SET character_set_client = utf8 */;
CREATE TABLE `website_article` (
  `id` int(11) NOT NULL AUTO_INCREMENT,
  `title` varchar(256) NOT NULL,
  `slug` varchar(256) NOT NULL,
  `content` longtext NOT NULL,
  `published` tinyint(1) NOT NULL,
  `author_id` int(11) DEFAULT NULL,
  `pub_date` datetime(6) NOT NULL,
  `update_time` datetime(6),
  PRIMARY KEY (`id`),
  KEY `website_article_author_id_38ff34fa_fk_auth_user_id` (`author_id`),
  KEY `website_article_2dbcba41` (`slug`(255)),
  CONSTRAINT `website_article_author_id_38ff34fa_fk_auth_user_id` FOREIGN KEY (`author_id`) REFERENCES `auth_user` (`id`)
) ENGINE=InnoDB AUTO_INCREMENT=395 DEFAULT CHARSET=utf8;
/*!40101 SET character_set_client = @saved_cs_client */;

--
-- Dumping data for table `website_article`
--

LOCK TABLES `website_article` WRITE;
/*!40000 ALTER TABLE `website_article` DISABLE KEYS */;
INSERT INTO `website_article` VALUES (1,'体育新闻_1','article_1','<p><span style=\"font-family: 宋体, SimSun; font-size: 14px;\">　　本网站所提供的信息，只供参考之用。</span></p><p><br/></p><p><span style=\"font-family: 宋体, SimSun; font-size: 14px;\">　　本网站及其雇员一概毋须以任何方式就任何信息传递或传送的失误、不准确或错误对用户或任何其他人士负任何直接或间接的责任。</span></p><p><br/></p><p><span style=\"font-family: 宋体, SimSun; font-size: 14px;\">　　在法律允许的范围内，本网站在此声明,不承担用户或任何人士就使用或未能使用本网站所提供的信息或任何链接或项目所引致的任何直接、间接、附带、从属、特殊、惩罚性或惩戒性的损害赔偿(包括但不限于收益、预期利润的损失或失去的业务、未实现预期的节省)。</span></p><p><br/></p><p><span style=\"font-family: 宋体, SimSun; font-size: 14px;\">　　本网站所提供的信息，若在任何司法管辖地区供任何人士使用或分发给任何人士时会违反该司法管辖地区的法律或条例的规定或会导致本网站或其第三方代理人受限于该司法管辖地区内的任何监管规定时，则该等信息不宜在该司法管辖地区供该等任何人士使用或分发给该等任何人士。用户须自行保证不会受限于任何限制或禁止用户使用或分发本网站所提供信息的当地的规定。</span></p><p><br/></p><p><span style=\"font-family: 宋体, SimSun; font-size: 14px;\">　　本网站图片，文字之类版权申明，因为网站可以由注册用户自行上传图片或文字，本网站无法鉴别所上传图片或文字的知识版权，如果侵犯，请及时通知我们，本网站将在第一时间及时删除。</span></p><p><br/></p><p><span style=\"font-family: 宋体, SimSun; font-size: 14px;\">　　凡以任何方式登陆本网站或直接、间接使用本网站资料者，视为自愿接受本网站声明的约束。</span></p><p><span style=\"font-family: 宋体, SimSun; font-size: 14px;\"><br/></span></p>',1,NULL,'2016-09-19 02:03:08.391000','2016-09-23 09:03:34.072000'),(2,'体育新闻_2','article_2','新闻详细内容： 体育新闻 2',1,NULL,'2016-09-19 02:03:08.441000','2016-09-19 02:03:08.441000'),(3,'体育新闻_3','article_3','新闻详细内容： 体育新闻 3',1,NULL,'2016-09-19 02:03:08.566000','2016-09-19 02:03:08.566000'),(4,'体育新闻_4','article_4','新闻详细内容： 体育新闻 4',1,NULL,'2016-09-19 02:03:08.641000','2016-09-19 02:03:08.641000'),(5,'体育新闻_5','article_5','新闻详细内容： 体育新闻 5',1,NULL,'2016-09-19 02:03:08.691000','2016-09-19 02:03:08.691000'),(6,'体育新闻_6','article_6','新闻详细内容： 体育新闻 6',1,NULL,'2016-09-19 02:03:08.741000','2016-09-19 02:03:08.741000'),(7,'体育新闻_7','article_7','新闻详细内容： 体育新闻 7',1,NULL,'2016-09-19 02:03:08.791000','2016-09-19 02:03:08.791000'),(8,'体育新闻_8','article_8','新闻详细内容： 体育新闻 8',1,NULL,'2016-09-19 02:03:08.841000','2016-09-19 02:03:08.841000'),(9,'体育新闻_9','article_9','<p>&nbsp; &nbsp; 新闻详细内容： 体育新闻 9</p>',1,NULL,'2016-09-19 02:03:08.891000','2016-09-23 06:05:23.684000'),(10,'体育新闻_10','article_10','<p>&nbsp; &nbsp; 新闻详细内容： 体育新闻 10</p>',1,NULL,'2016-09-19 02:03:08.941000','2016-09-23 08:06:26.029000'),(11,'社会新闻_1','article_1','新闻详细内容： 社会新闻 1',1,NULL,'2016-09-19 02:03:09.026000','2016-09-19 02:03:09.026000'),(12,'社会新闻_2','article_2','新闻详细内容： 社会新闻 2',1,NULL,'2016-09-19 02:03:09.095000','2016-09-19 02:03:09.095000'),(13,'社会新闻_3','article_3','新闻详细内容： 社会新闻 3',1,NULL,'2016-09-19 02:03:09.147000','2016-09-19 02:03:09.147000'),(14,'社会新闻_4','article_4','新闻详细内容： 社会新闻 4',1,NULL,'2016-09-19 02:03:09.197000','2016-09-19 02:03:09.197000'),(15,'社会新闻_5','article_5','新闻详细内容： 社会新闻 5',1,NULL,'2016-09-19 02:03:09.247000','2016-09-19 02:03:09.247000'),(16,'社会新闻_6','article_6','新闻详细内容： 社会新闻 6',1,NULL,'2016-09-19 02:03:09.297000','2016-09-19 02:03:09.297000'),(17,'社会新闻_7','article_7','新闻详细内容： 社会新闻 7',1,NULL,'2016-09-19 02:03:09.347000','2016-09-19 02:03:09.347000'),(18,'社会新闻_8','article_8','新闻详细内容： 社会新闻 8',1,NULL,'2016-09-19 02:03:09.397000','2016-09-19 02:03:09.397000'),(19,'社会新闻_9','article_9','新闻详细内容： 社会新闻 9',1,NULL,'2016-09-19 02:03:09.447000','2016-09-19 02:03:09.447000'),(20,'社会新闻_10','article_10','新闻详细内容： 社会新闻 10',1,NULL,'2016-09-19 02:03:09.512000','2016-09-19 02:03:09.512000'),(21,'科技新闻_1','article_1','新闻详细内容： 科技新闻 1',1,NULL,'2016-09-19 02:03:09.601000','2016-09-19 02:03:09.601000'),(22,'科技新闻_2','article_2','新闻详细内容： 科技新闻 2',1,NULL,'2016-09-19 02:03:09.655000','2016-09-19 02:03:09.655000'),(23,'科技新闻_3','article_3','新闻详细内容： 科技新闻 3',1,NULL,'2016-09-19 02:03:09.705000','2016-09-19 02:03:09.705000'),(24,'科技新闻_4','article_4','新闻详细内容： 科技新闻 4',1,NULL,'2016-09-19 02:03:09.755000','2016-09-19 02:03:09.755000'),(25,'科技新闻_5','article_5','新闻详细内容： 科技新闻 5',1,NULL,'2016-09-19 02:03:09.805000','2016-09-19 02:03:09.805000'),(26,'科技新闻_6','article_6','新闻详细内容： 科技新闻 6',1,NULL,'2016-09-19 02:03:09.872000','2016-09-19 02:03:09.872000'),(27,'科技新闻_7','article_7','<p>&nbsp; &nbsp; 新闻详细内容： 科技新闻 7</p>',1,NULL,'2016-09-19 02:03:09.922000','2016-09-23 06:05:35.987000'),(28,'科技新闻_8','article_8','新闻详细内容： 科技新闻 8',1,NULL,'2016-09-19 02:03:09.972000','2016-09-19 02:03:09.972000'),(29,'科技新闻_9','article_9','新闻详细内容： 科技新闻 9',1,NULL,'2016-09-19 02:03:10.026000','2016-09-19 02:03:10.026000'),(30,'科技新闻_10','article_10','<p>&nbsp; &nbsp; 新闻详细内容： 科技新闻 10</p>',1,NULL,'2016-09-19 02:03:10.082000','2016-09-20 06:48:11.504000'),(32,'免责声明','declaration','<p><span style=\"font-size: 14px; font-family: 宋体, SimSun;\">&nbsp; &nbsp;访问者在接受本网站服务之前，请务必仔细阅读本条款并同意本声明。访问者访问本网站的行为以及通过各类方式利用本网站的行为，都将被视作是对本声明全部内容的无异议的认可;如有异议，请立即跟本网站协商，并取得本网站的书面同意意见。</span></p><p><br/></p><p><span style=\"font-size: 14px; font-family: 宋体, SimSun;\">　　第一条访问者在从事与本网站相关的所有行为(包括但不限于访问浏览、利用、转载、宣传介绍)时，必须以善意且谨慎的态度行事;访问者不得故意或者过失的损害或者弱化本网站的各类合法权利与利益，不得利用本网站以任何方式直接或者间接的从事违反中国法律、国际公约以及社会公德的行为，且访问者应当恪守下述承诺：</span></p><p><br/></p><p><span style=\"font-size: 14px; font-family: 宋体, SimSun;\">　　1、传输和利用信息符合中国法律、国际公约的规定、符合公序良俗;</span></p><p><br/></p><p><span style=\"font-size: 14px; font-family: 宋体, SimSun;\">　　2、不将本网站以及与之相关的网络服务用作非法用途以及非正当用途;</span></p><p><br/></p><p><span style=\"font-size: 14px; font-family: 宋体, SimSun;\">　　3、不干扰和扰乱本网站以及与之相关的网络服务;</span></p><p><br/></p><p><span style=\"font-size: 14px; font-family: 宋体, SimSun;\">　　4、遵守与本网站以及与之相关的网络服务的协议、规定、程序和惯例等。</span></p><p><br/></p><p><span style=\"font-size: 14px; font-family: 宋体, SimSun;\">　　第二条本网站郑重提醒访问者：请在转载、上载或者下载有关作品时务必尊重该作品的版权、著作权;如果您发现有您未署名的作品，请立即和我们联系，我们会在第一时间加上您的署名或作相关处理。</span></p><p><br/></p><p><span style=\"font-size: 14px; font-family: 宋体, SimSun;\">　　第三条除我们另有明确说明或者中国法律有强制性规定外，本网站用户原创的作品，本网站及作者共同享有版权，其他网站及传统媒体如需使用，须取得本网站的书面授权，未经授权严禁转载或用于其它商业用途。</span></p><p><br/></p><p><span style=\"font-size: 14px; font-family: 宋体, SimSun;\">　　第四条本网站内容仅代表作者本人的观点，不代表本网站的观点和看法，与本网站立场无关，相关责任作者自负。</span></p><p><br/></p><p><span style=\"font-size: 14px; font-family: 宋体, SimSun;\">　　第五条本网站有权将在本网站内发表的作品用于其他用途，包括网站、电子杂志等，作品有附带版权声明者除外。</span></p><p><br/></p><p><span style=\"font-size: 14px; font-family: 宋体, SimSun;\">　　第六条未经常本网站和作者共同同意，其他任何机构不得以任何形式侵犯其作品著作权，包括但不限于：擅自复制、链接、非法使用或转载，或以任何方式建立作品镜像。</span></p><p><br/></p><p><span style=\"font-size: 14px; font-family: 宋体, SimSun;\">　　第七条本网站所刊载的各类形式(包括但不仅限于文字、图片、图表)的作品仅供参考使用，并不代表本网站同意其说法或描述，仅为提供更多信息，也不构成任何投资建议。对于访问者根据本网站提供的信息所做出的一切行为，除非另有明确的书面承诺文件，否则本网站不承担任何形式的责任。</span></p><p><br/></p><p><span style=\"font-size: 14px; font-family: 宋体, SimSun;\">　　第八条当本网站以链接形式推荐其他网站内容时，本网站并不对这些网站或资源的可用性负责，且不保证从这些网站获取的任何内容、产品、服务或其他材料的真实性、合法性，对于任何因使用或信赖从此类网站或资源上获取的内容、产品、服务或其他材料而造成(或声称造成)的任何直接或间接损失，本网站均不承担任何责任。</span></p><p><br/></p><p><span style=\"font-size: 14px; font-family: 宋体, SimSun;\">　　第九条访问者在本网站注册时提供的一些个人资料，本网站除您本人同意及第十条规定外不会将用户的任何资料以任何方式泄露给任何一方。</span></p><p><br/></p><p><span style=\"font-size: 14px; font-family: 宋体, SimSun;\">　　第十条当政府部门、司法机关等依照法定程序要求本网站披露个人资料时，本网站将根据执法单位之要求或为公共安全之目的提供个人资料。在此情况下之任何披露，本网站均得免责。</span></p><p><br/></p><p><span style=\"font-size: 14px; font-family: 宋体, SimSun;\">　　第十一条由于用户将个人密码告知他人或与他人共享注册账户，由此导致的任何个人资料泄露，本网站不负任何责任。</span></p><p><br/></p><p><span style=\"font-size: 14px; font-family: 宋体, SimSun;\">　　第十二条本网站有部分内容来自互联网，如无意中侵犯了哪个媒体、公司、企业或个人等的知识产权，请来电或致函告之，本网站将在规定时间内给予删除等相关处理，若有涉及版权费等问题，请及时提供相关证明等材料并与我们联系，通过友好协商公平公正原则处理纠纷。</span></p><p><br/></p><p><span style=\"font-size: 14px; font-family: 宋体, SimSun;\">　　第十二条以上声明内容的最终解释权归XXXX网站所有。</span></p><p><br/></p>',1,NULL,'2016-09-21 06:12:00.826000','2016-09-23 05:24:32.247000'),(33,'acm_pku 1000','acm_pku_1000','<p>&nbsp; &nbsp;</p><pre class=\"brush:cpp;toolbar:false\">#include&lt;stdio.h&gt;int&nbsp;main(&nbsp;){\r\n&nbsp;int&nbsp;n,i,j,a[20][5],p,q;\r\n&nbsp;scanf(&quot;%d&quot;,&amp;n);\r\n&nbsp;for(i=0;i&lt;n;i++)\r\n&nbsp;&nbsp;for(j=0;j&lt;4;j++)\r\n&nbsp;&nbsp;&nbsp;scanf(&quot;%d&quot;,&amp;a[i][j]);\r\n&nbsp;for(i=0;i&lt;n;i++)\r\n&nbsp;{&nbsp;\r\n&nbsp;&nbsp;p=a[i][1]-a[i][0];\r\n&nbsp;&nbsp;q=a[i][1]/a[i][0];\r\n&nbsp;&nbsp;if(p==a[i][2]-a[i][1])\r\n&nbsp;&nbsp;&nbsp;a[i][4]=a[i][3]+p;\r\n&nbsp;&nbsp;&nbsp;else&nbsp;a[i][4]=a[i][3]*q;\r\n&nbsp;&nbsp;};\r\n&nbsp;for(i=0;i&lt;n;i++)\r\n&nbsp;&nbsp;for(j=0;j&lt;5;j++)\r\n&nbsp;&nbsp;{\r\n&nbsp;&nbsp;&nbsp;printf(&quot;%d&nbsp;&quot;,a[i][j]);\r\n&nbsp;&nbsp;&nbsp;if(j==4)\r\n&nbsp;&nbsp;&nbsp;printf(&quot;\\n&quot;);\r\n&nbsp;&nbsp;&nbsp;};\r\n&nbsp;printf(&quot;\\n&quot;);\r\n&nbsp;}</pre><p><br/></p>',1,1,'2016-09-22 05:35:11.370000','2016-09-22 05:42:14.274000'),(34,'部署方法','deployment','<p style=\"white-space: normal\"># Django<span style=\"font-family: 宋体\">搭建的个人博客系统</span></p><p style=\"white-space: normal\">&nbsp;</p><p style=\"white-space: normal\"><strong><span style=\"font-size: 21px;font-family: 宋体\">服务器环境：</span></strong></p><p style=\"white-space: normal\">ubuntu Linux version 3.13.0-74-generic (buildd@lcy01-07)</p><p style=\"white-space: normal\">&nbsp;</p><p style=\"white-space: normal\"><strong><span style=\"font-size: 21px;font-family: 宋体\">软件环境：</span></strong></p><p style=\"white-space: normal\">Python 2.7.9</p><p style=\"white-space: normal\">Django 1.8.3</p><p style=\"white-space: normal\">Mysql&nbsp; 5.6.0</p><p style=\"white-space: normal\">django-contrib-comments 1.7.3</p><p style=\"white-space: normal\">DjangoUeditor</p><p style=\"white-space: normal\">METRONIC&nbsp;<span style=\"font-family: 宋体\">前端模板</span></p><p style=\"white-space: normal\">&nbsp;</p><p style=\"white-space: normal\"><strong><span style=\"font-size: 21px;font-family: 宋体\">部署方法：</span></strong></p><p style=\"white-space: normal\">&nbsp;</p><p style=\"white-space: normal\"><span style=\"font-size: 19px\">1.&nbsp;</span><span style=\"font-size: 19px;font-family: 宋体\">安装</span><span style=\"font-size: 19px\">&nbsp;apache2&nbsp;</span><span style=\"font-size: 19px;font-family: 宋体\">和</span><span style=\"font-size: 19px\">&nbsp;mod_wsgi</span></p><pre class=\"brush:bash;toolbar:false\">sudo&nbsp;apt-get&nbsp;install&nbsp;apache2</pre><p style=\"white-space: normal\">&nbsp;</p><p style=\"white-space: normal\"># Python 2</p><pre class=\"brush:bash;toolbar:false\">sudo&nbsp;apt-get&nbsp;install&nbsp;libapache2-mod-wsgi</pre><p style=\"white-space: normal\">&nbsp;</p><p style=\"white-space: normal\"># Python 3</p><pre class=\"brush:bash;toolbar:false\">sudo&nbsp;apt-get&nbsp;install&nbsp;libapache2-mod-wsgi-py3</pre><p style=\"white-space: normal\">&nbsp;</p><p style=\"white-space: normal\"><span style=\"font-size: 19px\">2.</span><span style=\"font-size: 19px;font-family: 宋体\">确认安装的</span><span style=\"font-size: 19px\">apache2</span><span style=\"font-size: 19px;font-family: 宋体\">版本号</span></p><pre class=\"brush:bash;toolbar:false\">apachectl&nbsp;-v</pre><p style=\"white-space: normal\">&nbsp;</p><p style=\"white-space: normal\">Server version: Apache/2.4.7 (Ubuntu)</p><p style=\"white-space: normal\">Server built:&nbsp;&nbsp; Oct 14 2015 14:20:21</p><p style=\"white-space: normal\">&nbsp;</p><p style=\"white-space: normal\"><span style=\"font-size: 19px\">3.&nbsp;</span><span style=\"font-size: 19px;font-family: 宋体\">准备一个新网站</span></p><p style=\"white-space: normal\">ubuntu<span style=\"font-family: 宋体\">的</span>apache2<span style=\"font-family: 宋体\">配置文件在</span>&nbsp;/etc/apache2/&nbsp;<span style=\"font-family: 宋体\">下</span></p><pre class=\"brush:bash;toolbar:false\">sudo&nbsp;vi&nbsp;/etc/apache2/sites-available/sitename.conf</pre><p style=\"white-space: normal\">&nbsp;</p><p style=\"white-space: normal\"><span style=\"font-family: 宋体\">示例内容：</span></p><pre class=\"brush:xml;toolbar:false\">&lt;VirtualHost&nbsp;*:8889&gt;\r\n&nbsp;&nbsp;&nbsp;&nbsp;ServerAdmin&nbsp;lscuihu@126.com\r\n&nbsp;\r\n&nbsp;&nbsp;&nbsp;&nbsp;WSGIScriptAlias&nbsp;/&nbsp;/home/blog/cuihu/wsgi.py\r\n&nbsp;\r\n&nbsp;&nbsp;&nbsp;&nbsp;Alias&nbsp;/static/&nbsp;/home/blog/static/\r\n&nbsp;\r\n&nbsp;&nbsp;&nbsp;&nbsp;&nbsp;&lt;Directory&nbsp;/home/blog/static&gt;\r\n&nbsp;&nbsp;&nbsp;&nbsp;&nbsp;&nbsp;&nbsp;&nbsp;Options&nbsp;Indexes&nbsp;FollowSymLinks\r\n&nbsp;&nbsp;&nbsp;&nbsp;&nbsp;&nbsp;&nbsp;&nbsp;AllowOverride&nbsp;All\r\n&nbsp;&nbsp;&nbsp;&nbsp;&nbsp;&nbsp;&nbsp;&nbsp;Require&nbsp;all&nbsp;granted\r\n&nbsp;&nbsp;&nbsp;&nbsp;&lt;/Directory&gt;\r\n&nbsp;\r\n&nbsp;&nbsp;&nbsp;&nbsp;&nbsp;&lt;Directory&nbsp;/home/MonkeyLogSite/clients&gt;\r\n&nbsp;&nbsp;&nbsp;&nbsp;&nbsp;&nbsp;&nbsp;&nbsp;Options&nbsp;Indexes&nbsp;FollowSymLinks\r\n&nbsp;&nbsp;&nbsp;&nbsp;&nbsp;&nbsp;&nbsp;&nbsp;AllowOverride&nbsp;All\r\n&nbsp;&nbsp;&nbsp;&nbsp;&nbsp;&nbsp;&nbsp;&nbsp;Require&nbsp;all&nbsp;granted\r\n&nbsp;&nbsp;&nbsp;&nbsp;&lt;/Directory&gt;\r\n&nbsp;\r\n&nbsp;&nbsp;&nbsp;&nbsp;&lt;Directory&nbsp;/home/blog/cuihu&gt;\r\n&nbsp;&nbsp;&nbsp;&nbsp;&lt;Files&nbsp;wsgi.py&gt;\r\n&nbsp;&nbsp;&nbsp;&nbsp;&nbsp;&nbsp;&nbsp;&nbsp;&nbsp;Require&nbsp;all&nbsp;granted\r\n&nbsp;&nbsp;&nbsp;&nbsp;&lt;/Files&gt;\r\n&nbsp;&nbsp;&nbsp;&nbsp;&lt;/Directory&gt;\r\n&lt;/VirtualHost&gt;</pre><p style=\"white-space: normal\">&nbsp;</p><p style=\"white-space: normal\"><span style=\"font-family: 宋体;color: red\">如果你的</span><span style=\"color: red\">apache</span><span style=\"font-family: 宋体;color: red\">版本号是</span><span style=\"color: red\">&nbsp;2.2.x&nbsp;</span><span style=\"font-family: 宋体;color: red\">用下面的代替</span><span style=\"color: red\">&nbsp; Require all granted</span></p><p style=\"white-space: normal\">&nbsp;</p><p style=\"white-space: normal\">1.Order deny,allow</p><p style=\"white-space: normal\">2.Allow from all</p><p style=\"white-space: normal\">&nbsp;</p><p style=\"white-space: normal\">&nbsp;</p><p style=\"white-space: normal\"><span style=\"font-family: 宋体;color: red\">请注意：</span><span style=\"color: red\">&lt;VirtualHost *:8889&gt;</span><span style=\"font-family: 宋体;color: red\">监听</span><span style=\"color: red\">8889</span><span style=\"font-family: 宋体;color: red\">端口，所以在</span><span style=\"color: red\">apache</span><span style=\"font-family: 宋体;color: red\">的端口配置文件中开启监听该端口</span></p><pre class=\"brush:bash;toolbar:false\">sudo&nbsp;vi&nbsp;/etc/apache2/ports.conf</pre><p style=\"white-space: normal\">Listen 80</p><p style=\"white-space: normal\">Listen 8889<span style=\"font-family: 宋体\">（添加这行）</span></p><p style=\"white-space: normal\">&nbsp;</p><p style=\"white-space: normal\"><span style=\"font-size: 19px\">4.&nbsp;</span><span style=\"font-size: 19px;font-family: 宋体\">修改</span><span style=\"font-size: 19px\">wsgi.py</span><span style=\"font-size: 19px;font-family: 宋体\">文件</span></p><p style=\"white-space: normal\"><span style=\"font-family: 宋体\">上面的配置中写的</span>&nbsp;WSGIScriptAlias / /home/blog/cuihu/wsgi.py</p><p style=\"white-space: normal\"><span style=\"font-family: 宋体\">就是把</span>apache2<span style=\"font-family: 宋体\">和你的网站</span>project<span style=\"font-family: 宋体\">联系起来了</span></p><pre class=\"brush:python;toolbar:false\">import&nbsp;os\r\nimport&nbsp;sys\r\n&nbsp;\r\nfrom&nbsp;os.path&nbsp;import&nbsp;&nbsp;dirname,&nbsp;abspath\r\nfrom&nbsp;django.core.wsgi&nbsp;import&nbsp;get_wsgi_application\r\n&nbsp;\r\n同一台服务上部署多个django程序，需要指定settings文件\r\nPROJECT_DIR&nbsp;=&nbsp;dirname(dirname(abspath(__file__)))\r\nsys.path.insert(0,&nbsp;PROJECT_DIR)\r\n#os.environ.setdefault(&quot;DJANGO_SETTINGS_MODULE&quot;,&nbsp;&quot;cuihu.settings&quot;)\r\n&nbsp;\r\nos.environ[&quot;DJANGO_SETTINGS_MODULE&quot;]&nbsp;=&nbsp;&quot;cuihu.settings&quot;\r\napplication&nbsp;=&nbsp;get_wsgi_application()</pre><p style=\"white-space: normal\"><span style=\"font-family: 宋体\">同一台服务器部署了多个</span>django<span style=\"font-family: 宋体\">程序，一定要指定对应的</span>settings<span style=\"font-family: 宋体\">文件，作用是让脚本找到</span>django<span style=\"font-family: 宋体\">项目的位置，也可以在</span>sitename.conf<span style=\"font-family: 宋体\">中做，用</span>WSGIPythonPath,<span style=\"font-family: 宋体\">想了解的自行搜索。</span></p><p style=\"white-space: normal\">&nbsp;</p><p style=\"white-space: normal\"><span style=\"font-size: 19px\">5.&nbsp;</span><span style=\"font-size: 19px;font-family: 宋体\">设置目录和文件权限</span></p><p style=\"white-space: normal\">media&nbsp;<span style=\"font-family: 宋体\">文件夹一般用来存放用户上传文件，</span>static&nbsp;<span style=\"font-family: 宋体\">一般用来放自己网站的</span>js<span style=\"font-family: 宋体\">，</span>css<span style=\"font-family: 宋体\">，图片等，在</span>settings.py<span style=\"font-family: 宋体\">中的相关设置</span></p><p style=\"white-space: normal\">STATIC_URL&nbsp;<span style=\"font-family: 宋体\">为静态文件的网址</span>&nbsp;STATIC_ROOT&nbsp;<span style=\"font-family: 宋体\">为静态文件的根目录，</span></p><p style=\"white-space: normal\">MEDIA_URL&nbsp;<span style=\"font-family: 宋体\">为用户上传文件夹的根目录，</span>MEDIA_URL<span style=\"font-family: 宋体\">为对应的访问网址</span></p><p style=\"white-space: normal\">&nbsp;</p><p style=\"white-space: normal\"><span style=\"font-family: 宋体\">在</span>settings<span style=\"font-family: 宋体\">中的设置</span></p><pre class=\"brush:python;toolbar:false\">#&nbsp;Static&nbsp;files&nbsp;(CSS,&nbsp;JavaScript,&nbsp;Images)\r\n#&nbsp;https://docs.djangoproject.com/en/1.8/howto/static-files/\r\nSTATIC_URL&nbsp;=&nbsp;&#39;/static/&#39;\r\nSTATIC_ROOT&nbsp;=&nbsp;os.path.join(BASE_DIR,&nbsp;&#39;static&#39;)\r\n&nbsp;\r\n#&nbsp;公共的&nbsp;static&nbsp;文件，比如&nbsp;jquery.js&nbsp;可以放这里，这里面的文件夹不能包含&nbsp;STATIC_ROOT\r\nSTATICFILES_DIRS&nbsp;=&nbsp;(\r\n&nbsp;&nbsp;&nbsp;&nbsp;os.path.join(BASE_DIR,&nbsp;&quot;common_static&quot;),\r\n)\r\n&nbsp;\r\n#&nbsp;upload&nbsp;folder\r\nMEDIA_URL&nbsp;=&nbsp;&#39;/media/&#39;\r\nMEDIA_ROOT&nbsp;=&nbsp;os.path.join(BASE_DIR,&nbsp;&#39;media&#39;)</pre><p style=\"white-space: normal\">&nbsp;</p><p style=\"white-space: normal\">&nbsp;</p><p style=\"white-space: normal\">chmod 777 /<span style=\"font-family: 宋体\">需要写权限的文件夹路径</span>/</p><p style=\"white-space: normal\">&nbsp;</p><p style=\"white-space: normal\"><span style=\"font-size: 19px\">6.&nbsp;</span><span style=\"font-size: 19px;font-family: 宋体\">激活新网站</span></p><pre class=\"brush:bash;toolbar:false\">sudo&nbsp;a2ensite&nbsp;sitename&nbsp;\r\n或\r\nsudo&nbsp;a2ensite&nbsp;sitename.conf</pre><p style=\"white-space: normal\"><span style=\"font-family: 宋体\">重启</span>apache<span style=\"font-family: 宋体\">服务</span>&nbsp;service apache2 reload&nbsp;<span style=\"font-family: 宋体\">或者</span>&nbsp;service apache2 restart</p><p style=\"white-space: normal\">&nbsp;</p><p style=\"white-space: normal\"><span style=\"font-size: 19px\">7.</span><span style=\"font-size: 19px;font-family: 宋体\">收集静态文件</span></p><pre class=\"brush:bash;toolbar:false\">python&nbsp;manage.py&nbsp;collectstatic</pre><p style=\"white-space: normal\">&nbsp;</p><p style=\"white-space: normal\"><span style=\"font-size: 19px\">8.</span><span style=\"font-size: 19px;font-family: 宋体\">创建数据库</span></p><p style=\"white-space: normal\"><span style=\"font-family: 宋体\">登录</span>mysql<span style=\"font-family: 宋体\">控制台</span></p><p style=\"white-space: normal\">root@ubuntu:~# mysql -uroot -p</p><p style=\"white-space: normal\">Enter password:&nbsp;<span style=\"font-family: 宋体\">输入数据库密码（</span>123312123<span style=\"font-family: 宋体\">）</span></p><p style=\"white-space: normal\"><span style=\"font-family: 宋体\">创建数据库</span></p><pre class=\"brush:bash;toolbar:false\">create&nbsp;database&nbsp;`cuihu`&nbsp;character&nbsp;set&nbsp;utf8;</pre><p style=\"white-space: normal\">&nbsp;</p><p style=\"white-space: normal\"><span style=\"font-family: 宋体\">同步数据表，期间会询问是否需要创建超级管理员，请自便</span></p><p style=\"white-space: normal\">python manage.py syncdb</p><p style=\"white-space: normal\">&nbsp;</p><p style=\"white-space: normal\"><span style=\"font-size: 19px\">9.</span><span style=\"font-size: 19px;font-family: 宋体\">重启</span><span style=\"font-size: 19px\">apache</span><span style=\"font-size: 19px;font-family: 宋体\">服务</span><span style=\"font-size: 19px\">&nbsp;service apache2 reload&nbsp;</span><span style=\"font-size: 19px;font-family: 宋体\">或者</span><span style=\"font-size: 19px\">&nbsp;service apache2 restart</span></p><p style=\"white-space: normal\"><span style=\"font-size: 19px\">&nbsp;</span></p><p style=\"white-space: normal\"><strong><span style=\"font-size: 21px;font-family: 宋体\">常见的部署问题:</span></strong></p><p style=\"white-space: normal\"><strong><span style=\"font-size: 21px;font-family: 宋体\"><br/></span></strong></p><p class=\"MsoListParagraph\" style=\"margin-left: 28px;white-space: normal\"><span style=\"font-size: 19px\">1.<span style=\"font-variant-numeric: normal;font-stretch: normal;font-size: 9px;line-height: normal;font-family: &#39;Times New Roman&#39;\">&nbsp;&nbsp;&nbsp;&nbsp;&nbsp;&nbsp;&nbsp;</span></span><span style=\"font-size: 19px;font-family: 宋体\">数据库版本问题</span></p><pre class=\"brush:bash;toolbar:false\">Warning:&nbsp;Specified&nbsp;key&nbsp;was&nbsp;too&nbsp;long;&nbsp;max&nbsp;key&nbsp;length&nbsp;is&nbsp;767&nbsp;byte</pre><p style=\"white-space: normal\">Mysql5.5<span style=\"font-family: 宋体\">版本上</span>mysql varchar(255)<span style=\"font-family: 宋体\">长度限制为</span>255,<span style=\"font-family: 宋体\">超过了会报错</span></p><p style=\"white-space: normal\">&nbsp;</p><p style=\"white-space: normal\"><span style=\"font-family: 宋体\">解决办法：升级</span>mysql<span style=\"font-family: 宋体\">数据库到</span>5.6</p><p style=\"white-space: normal\">mysql<span style=\"font-family: 宋体\">数据库从</span>5.5<span style=\"font-family: 宋体\">升级到</span>5.6</p><p style=\"white-space: normal\"><br/></p><pre class=\"brush:bash;toolbar:false\">apt-get&nbsp;remove&nbsp;mysql-server&nbsp;卸载数据库\r\napt-get&nbsp;autoremove&nbsp;自动清理配置文件\r\napt-get&nbsp;upgrade&nbsp;更新软件源\r\napt-get&nbsp;install&nbsp;mysql-server-5.6&nbsp;安装新的数据库</pre><p style=\"white-space: normal\"><br/></p><p style=\"white-space: normal\"><span style=\"font-family: 宋体\">升级前注意导出好数据，升级后导入</span></p><p style=\"white-space: normal\"><span style=\"font-family: 宋体\"><br/></span></p><p class=\"MsoListParagraph\" style=\"margin-left: 28px;white-space: normal\"><span style=\"font-size: 19px\">2.<span style=\"font-variant-numeric: normal;font-stretch: normal;font-size: 9px;line-height: normal;font-family: &#39;Times New Roman&#39;\">&nbsp;&nbsp;&nbsp;&nbsp;&nbsp;&nbsp;&nbsp;</span></span><span style=\"font-size: 19px\">Wsgi</span><span style=\"font-size: 19px;font-family: 宋体\">设置问题</span></p><p style=\"white-space: normal\"><br/></p><pre class=\"brush:bash;toolbar:false\">mod_wsgi&nbsp;(pid=29373):&nbsp;Target&nbsp;WSGI&nbsp;script&nbsp;&#39;/home/MonkeyLogSite/MonkeyLogSite/wsgi.py&#39;&nbsp;cannot&nbsp;be&nbsp;loaded&nbsp;as&nbsp;Python&nbsp;module.,&nbsp;referer:&nbsp;http://10.210.140.47:8989/\r\nmod_wsgi&nbsp;(pid=29373):&nbsp;Exception&nbsp;occurred&nbsp;processing&nbsp;WSGI&nbsp;script&nbsp;&#39;/home/MonkeyLogSite/MonkeyLogSite/wsgi.py&#39;.,&nbsp;referer:&nbsp;http://10.210.140.47:8989/</pre><p style=\"white-space: normal\"><a href=\"http://10.210.140.47:8989/\"></a></p><p style=\"white-space: normal\"><span style=\"font-family: 宋体\">解决办法：参照步骤</span>4<span style=\"font-family: 宋体\">修改</span>wsgi<span style=\"font-family: 宋体\">文件</span></p><p style=\"white-space: normal\"><span style=\"font-family: 宋体\"><br/></span></p><p class=\"MsoListParagraph\" style=\"margin-left: 28px;white-space: normal\"><span style=\"font-size: 19px\">3.<span style=\"font-variant-numeric: normal;font-stretch: normal;font-size: 9px;line-height: normal;font-family: &#39;Times New Roman&#39;\">&nbsp;&nbsp;&nbsp;&nbsp;&nbsp;&nbsp;&nbsp;</span></span><span style=\"font-size: 19px\">Apache</span><span style=\"font-size: 19px;font-family: 宋体\">错误日志查看：</span></p><pre class=\"brush:bash;toolbar:false\">cat&nbsp;/var/log/apache2/error.log</pre><p><br/></p>',1,1,'2016-09-26 06:45:00.210000','2016-09-26 07:00:34.278000'),(35,'体育新闻_31','article_31','新闻详细内容： 体育新闻 31',1,NULL,'2016-09-29 07:59:19.919000','2016-09-29 07:59:19.919000'),(36,'体育新闻_32','article_32','新闻详细内容： 体育新闻 32',1,NULL,'2016-09-29 07:59:20.020000','2016-09-29 07:59:20.020000'),(37,'体育新闻_33','article_33','新闻详细内容： 体育新闻 33',1,NULL,'2016-09-29 07:59:20.070000','2016-09-29 07:59:20.070000'),(38,'体育新闻_34','article_34','新闻详细内容： 体育新闻 34',1,NULL,'2016-09-29 07:59:20.120000','2016-09-29 07:59:20.120000'),(39,'体育新闻_35','article_35','新闻详细内容： 体育新闻 35',1,NULL,'2016-09-29 07:59:20.188000','2016-09-29 07:59:20.188000'),(40,'体育新闻_36','article_36','新闻详细内容： 体育新闻 36',1,NULL,'2016-09-29 07:59:20.287000','2016-09-29 07:59:20.287000'),(41,'体育新闻_37','article_37','新闻详细内容： 体育新闻 37',1,NULL,'2016-09-29 07:59:20.337000','2016-09-29 07:59:20.337000'),(42,'体育新闻_38','article_38','新闻详细内容： 体育新闻 38',1,NULL,'2016-09-29 07:59:20.395000','2016-09-29 07:59:20.395000'),(43,'体育新闻_39','article_39','新闻详细内容： 体育新闻 39',1,NULL,'2016-09-29 07:59:20.445000','2016-09-29 07:59:20.445000'),(44,'体育新闻_40','article_40','新闻详细内容： 体育新闻 40',1,NULL,'2016-09-29 07:59:20.496000','2016-09-29 07:59:20.496000'),(45,'社会新闻_31','article_31','新闻详细内容： 社会新闻 31',1,NULL,'2016-09-29 07:59:20.546000','2016-09-29 07:59:20.546000'),(46,'社会新闻_32','article_32','新闻详细内容： 社会新闻 32',1,NULL,'2016-09-29 07:59:20.664000','2016-09-29 07:59:20.664000'),(47,'社会新闻_33','article_33','新闻详细内容： 社会新闻 33',1,NULL,'2016-09-29 07:59:20.713000','2016-09-29 07:59:20.713000'),(48,'社会新闻_34','article_34','新闻详细内容： 社会新闻 34',1,NULL,'2016-09-29 07:59:20.772000','2016-09-29 07:59:20.772000'),(49,'社会新闻_35','article_35','新闻详细内容： 社会新闻 35',1,NULL,'2016-09-29 07:59:20.830000','2016-09-29 07:59:20.830000'),(50,'社会新闻_36','article_36','新闻详细内容： 社会新闻 36',1,NULL,'2016-09-29 07:59:20.880000','2016-09-29 07:59:20.880000'),(51,'社会新闻_37','article_37','新闻详细内容： 社会新闻 37',1,NULL,'2016-09-29 07:59:20.959000','2016-09-29 07:59:20.959000'),(52,'社会新闻_38','article_38','新闻详细内容： 社会新闻 38',1,NULL,'2016-09-29 07:59:21.067000','2016-09-29 07:59:21.067000'),(53,'社会新闻_39','article_39','新闻详细内容： 社会新闻 39',1,NULL,'2016-09-29 07:59:21.118000','2016-09-29 07:59:21.118000'),(54,'社会新闻_40','article_40','新闻详细内容： 社会新闻 40',1,NULL,'2016-09-29 07:59:21.167000','2016-09-29 07:59:21.167000'),(55,'科技新闻_31','article_31','新闻详细内容： 科技新闻 31',1,NULL,'2016-09-29 07:59:21.218000','2016-09-29 07:59:21.218000'),(56,'科技新闻_32','article_32','新闻详细内容： 科技新闻 32',1,NULL,'2016-09-29 07:59:21.267000','2016-09-29 07:59:21.267000'),(57,'科技新闻_33','article_33','新闻详细内容： 科技新闻 33',1,NULL,'2016-09-29 07:59:21.316000','2016-09-29 07:59:21.316000'),(58,'科技新闻_34','article_34','新闻详细内容： 科技新闻 34',1,NULL,'2016-09-29 07:59:21.372000','2016-09-29 07:59:21.372000'),(59,'科技新闻_35','article_35','新闻详细内容： 科技新闻 35',1,NULL,'2016-09-29 07:59:21.422000','2016-09-29 07:59:21.422000'),(60,'科技新闻_36','article_36','新闻详细内容： 科技新闻 36',1,NULL,'2016-09-29 07:59:21.471000','2016-09-29 07:59:21.471000'),(61,'科技新闻_37','article_37','新闻详细内容： 科技新闻 37',1,NULL,'2016-09-29 07:59:21.522000','2016-09-29 07:59:21.522000'),(62,'科技新闻_38','article_38','新闻详细内容： 科技新闻 38',1,NULL,'2016-09-29 07:59:21.571000','2016-09-29 07:59:21.571000'),(63,'科技新闻_39','article_39','新闻详细内容： 科技新闻 39',1,NULL,'2016-09-29 07:59:21.622000','2016-09-29 07:59:21.622000'),(64,'科技新闻_40','article_40','新闻详细内容： 科技新闻 40',1,NULL,'2016-09-29 07:59:21.671000','2016-09-29 07:59:21.672000'),(182,'pku acm problem 2405','problem?id=2405','<pre>#include <math.h>\r\n#include <stdio.h>\r\n\r\n#define Pi 3.1415926\r\n\r\nint main()\r\n{\r\n	double D;\r\n	double d;\r\n	double V;\r\n\r\n	while(scanf(\"%lf%lf\",&D,&V),D && V)\r\n	{\r\n		d=pow(D*D*D-6*V/Pi,1.0/3);\r\n		printf(\"%.3lf\\n\",d);\r\n	}\r\n}\r\n</pre>',1,NULL,'2016-09-29 08:22:50.238000','2016-09-29 08:22:50.238000'),(183,'pku acm problem 1111','problem?id=1111','<pre>#include <iostream>\r\n#include <cstdlib>\r\n#include <cstdio>\r\nusing namespace std;\r\nint m,n,x,y;\r\nint flag[21][21];\r\nchar data[21][21];\r\nint Count;\r\n\r\nvoid dfs(int x,int y)\r\n{\r\n     int r,c;\r\n     flag[x][y]=0;   \r\n     for(int i= -1; i<= 1;++i)\r\n      for(int j= -1;j<= 1;++j)\r\n      {\r\n              r=x+i; c=y+j;\r\n              if(r==x&&c==y)      continue;\r\n              if(r<=m&&c<=n&&r>=1&&c>=1)\r\n              {\r\n                  if(flag[r][c]==1&&data[r][c]==\'X\')\r\n                         dfs(r,c);\r\n                  if((r==x||c==y)&&data[r][c]==\'.\')                \r\n                          Count++;\r\n              }\r\n               else\r\n               {     \r\n                     if(r==x||c==y)\r\n                       Count++;\r\n                  }\r\n      }\r\n}   \r\n\r\nint main()\r\n{\r\n    while(1)\r\n    {\r\n            cin>>m>>n>>x>>y;\r\n            if(m==0&&n==0&&x==0&&y==0)\r\n               break;  \r\n            for(int i=1; i<=m; ++i)\r\n             for(int j=1; j<=n; ++j)  \r\n               flag[i][j]=1;   \r\n            for(int i=1; i<=m; ++i)\r\n             for(int j=1; j<=n; ++j)\r\n             cin>>data[i][j];\r\n             Count=0;\r\n             dfs(x,y);\r\n             cout<<Count<<endl;\r\n    }\r\n    system(\"pause\");\r\n}         \r\n            \r\n            \r\n            \r\n            \r\n            \r\n            \r\n</pre>',1,NULL,'2016-09-29 08:22:50.585000','2016-09-29 08:22:50.585000'),(184,'pku acm problem 2403','problem?id=2403','<pre>#include <vector>\r\n#include <list>\r\n#include <map>\r\n#include <set>\r\n#include <deque>\r\n#include <stack>\r\n#include <bitset>\r\n#include <string>\r\n#include <functional>\r\n#include <fstream>\r\n#include <numeric>\r\n#include <utility>\r\n#include <sstream>\r\n#include <fstream>\r\n#include <iostream>\r\n#include <iomanip>\r\n#include <cstdio>\r\n#include <cmath>\r\n#include <cstdlib>\r\n#include <ctime>\r\n#include <algorithm>\r\n\r\nusing namespace std;\r\n\r\nint main()\r\n{\r\n\r\nmap <string ,int> mapdata;\r\nstring data[1005];\r\nint m,n,sum,flag;\r\nstring a,t;\r\nint b;\r\nbool  sym;   \r\n  cin >> m >> n ;\r\n  \r\n  a = \"\"; t = \"\"; mapdata.clear();  flag = 0;\r\n  \r\n  while (m--){\r\n        \r\n        cin >> a >> b;\r\n        \r\n        data[flag++] = a;\r\n        \r\n        mapdata.insert(pair<string ,int>(a,b));\r\n        \r\n        }\r\n    \r\n    while(n--){\r\n               \r\n               sum = 0;\r\n               \r\n      while (cin>>t){\r\n            \r\n            if(t == \".\")  break;\r\n            \r\n            else  {\r\n                  \r\n                  for(int i= 0; i< flag; ++i){\r\n                          \r\n                          if(t == data[i]){\r\n                          \r\n                          sum += mapdata[t];\r\n                          \r\n                          break;\r\n                          }\r\n  \r\n                          }\r\n                          \r\n                    }\r\n            }\r\n    \r\n    \r\n    \r\n    cout<< sum <<endl;\r\n   \r\n    }\r\n    \r\n\r\n}\r\n\r\n</pre>',1,NULL,'2016-09-29 08:22:50.907000','2016-09-29 08:22:50.907000'),(185,'pku acm problem 3086','problem?id=3086','<pre>#include <iostream>\r\n#include <cstdlib>\r\nusing namespace std;\r\nint main()\r\n{\r\n    int n,num,t,sum,phy;\r\n    cin>>n;\r\n    num=1;\r\n    while(n--)\r\n    {\r\n              cin>>t;\r\n              sum=0; phy=1;\r\n              for(int i=1; i<=t; ++i)\r\n              {\r\n                 phy=phy+i+1;\r\n                 sum=sum+i*phy;\r\n              }\r\n              cout<<num++<<\' \'<<t<<\' \'<<sum<<endl;\r\n    }\r\n    system(\"pause\");\r\n}\r\n              \r\n</pre>',1,NULL,'2016-09-29 08:22:51.250000','2016-09-29 08:22:51.250000'),(186,'pku acm problem 1118','problem?id=1118','<pre>#include <iostream>\r\n#include <cstdio>\r\nusing namespace std;\r\nint main()\r\n{\r\n int a[700][2],b[700];\r\n int i,j,k,max,n,temp;\r\n while(1)\r\n {\r\n    cin>>n;\r\n    if(n==0)  break;\r\n    for(i=0;i<n;i++)\r\n    {\r\n       for(j=0;j<2;j++)\r\n       {\r\n          scanf(\"%d\",&a[i][j]);\r\n        }\r\n     }\r\n     for(i=0;i<n-2;i++)\r\n     {  \r\n        temp=0;\r\n        for(j=i+1;j<n-1;j++)\r\n        {\r\n            max=2;\r\n           for(k=j+1;k<n;k++)\r\n           {\r\n              if((a[i][0]-a[j][0])*(a[k][1]-a[j][1])==(a[k][0]-a[j][0])*(a[i][1]-a[j][1]))\r\n              max++;\r\n            }\r\n            if(max>temp)\r\n            temp=max;\r\n         }\r\n          b[i]=temp;\r\n      }      \r\n      max=2;\r\n      for(i=0;i<n-2;i++)\r\n      {\r\n         if(max<b[i])\r\n         max=b[i];\r\n       }\r\n       printf(\"%d\\n\",max);    \r\n    }    \r\n   system(\"pause\"); \r\n}\r\n</pre>',1,NULL,'2016-09-29 08:22:51.574000','2016-09-29 08:22:51.574000'),(187,'pku acm problem 3561','problem?id=3561','<pre>#include\"stdio.h\"\r\n#include\"string.h\"\r\n\r\nchar aa[12][12];\r\nint N,row,col;\r\nint _bool[12][12];\r\n\r\nvoid check(int i,int j,int cn1, int cn2,char temp);\r\n\r\nint main()\r\n{\r\n      int i , j,top,cn1,cn2;\r\n      char stack[8],pp;\r\n      \r\n      scanf(\"%d\",&N);\r\n      while(N>0){\r\n             scanf(\"%d%d\",&row,&col);\r\n             gets(&pp);            \r\n             for(i = 0 ;  i < row ; i++){    \r\n               for(j = 0 ;  j< col ; j++) \r\n                    { scanf(\"%c\",&aa[i][j]); _bool[i][j] =0; }\r\n                        gets(&pp);  \r\n               }          \r\n              top = 0;     \r\n              for(i = 0 ;  i < row ; i++)    \r\n               for(j = 0 ;  j< col ; j++) {\r\n                 if( aa[i][j] == \'.\' )  \r\n                   continue;\r\n                 if(_bool[i][j]==0)   \r\n                     top++; \r\n                 if(top<2&&_bool[i][j]==0)    \r\n                  switch( aa[i][j] ) {\r\n                    case \'/\' :{cn1 = 1;cn2 = -1;break; }\r\n                    case \'-\' :{cn1 = 0;cn2 = 1;break;}\r\n                    case \'|\' :{cn1 = 1;cn2 = 0;break;}\r\n                    case \'\\\\\' :{cn1= 1 ;cn2 =1 ;break;}\r\n                  }   \r\n                 check(i,j,cn1,cn2,aa[i][j]); \r\n               } \r\n               if(top == 1 )\r\n                 printf(\"CORRECT\\n\") ;\r\n               else printf(\"INCORRECT\\n\");  \r\n               N--;\r\n                 \r\n      }     \r\n} \r\nvoid check(int i,int j,int cn1,int cn2,char temp)\r\n{\r\n     \r\n    while(i>=0&&j>=0&&i < row && j< col&&aa[i][j] == temp){\r\n          if(aa[i][j] == temp )\r\n           {_bool[i][j] = 1 ;i += cn1;j += cn2;}                    \r\n    }   \r\n}</pre>',1,NULL,'2016-09-29 08:22:51.902000','2016-09-29 08:22:51.902000'),(188,'pku acm problem 1046','problem?id=1046','<pre>#include \"stdio.h\"\r\n#include \"limits.h\"\r\nint main( )\r\n{\r\n   long s[16][3],a,b,c,x,y,z,min,p,t;\r\n   int i,j;\r\n   for(i=0;i<16;i++)\r\n    for(j=0;j<3;j++)\r\n    scanf(\"%ld\",&s[i][j]);\r\n   while(1)\r\n   {\r\n      scanf(\"%ld%ld%ld\",&a,&b,&c);\r\n      if(a==-1&&b==-1&&c==-1)\r\n       break;\r\n      min=LONG_MAX; x=0;y=0;z=0;p=0;\r\n      for(i=0;i<16;i++)\r\n      {\r\n         x=a-s[i][0];\r\n         y=b-s[i][1];\r\n         z=c-s[i][2];\r\n         p=x*x+y*y+z*z;\r\n         if(p<min)\r\n         {\r\n           min=p;\r\n           t=i;\r\n          } \r\n       }\r\n       printf(\"(%ld,%ld,%ld) maps to (%ld,%ld,%ld)\\n\",a,b,c,s[t][0],s[t][1],s[t][2]);      \r\n    }\r\n}</pre>',1,NULL,'2016-09-29 08:22:52.210000','2016-09-29 08:22:52.210000'),(189,'pku acm problem 1047','problem?id=1047','<pre>#include <iostream>\r\n#include <string>\r\n#include <cstdlib>\r\n#include <algorithm>\r\nusing namespace std;\r\nint main()\r\n{\r\n    string data,shu,final;\r\n    char s;\r\n    int len,k,t;\r\n    while(cin>>data)\r\n    {\r\n     final=\"\";   shu=\"\";\r\n     len=data.size()+1;\r\n     for(int i=0;i<len-1;++i)\r\n      final=final+\"9\";\r\n      k=0;\r\n     for(int i=len-2;i>=0;--i)\r\n     {\r\n            t=data[i]-\'0\';\r\n            k=k+t*len;\r\n            s=k%10+\'0\';\r\n            k=k/10;\r\n            shu=shu+s;\r\n     }\r\n     while(k%10)\r\n     {\r\n           s=k%10+\'0\';    \r\n           k=k/10;\r\n           shu=shu+s;\r\n     }        \r\n     reverse(shu.begin(),shu.end());     \r\n     if(final==shu)\r\n    cout<<data<<\" is cyclic\"<<endl;\r\n     else\r\n    cout<<data<<\" is not cyclic\"<<endl;\r\n   } \r\n   system(\"pause\");\r\n}  \r\n</pre>',1,NULL,'2016-09-29 08:22:52.532000','2016-09-29 08:22:52.532000'),(190,'pku acm problem 1218','problem?id=1218','<pre>#include <iostream>\r\n#include <cmath>\r\n#include <cstdlib>\r\nusing namespace std;\r\nint main()\r\n{\r\n    int t,b;\r\n    cin>>t;\r\n    while(t--)\r\n    {\r\n              cin>>b;\r\n              cout<<int (sqrt((double)b))<<endl;\r\n    }\r\n//   system(\"pause\");\r\n}            \r\n</pre>',1,NULL,'2016-09-29 08:22:52.856000','2016-09-29 08:22:52.857000'),(191,'pku acm problem 3673','problem?id=3673','<pre>#include <iostream>\r\n#include <cstdlib>\r\nusing namespace std;\r\nint main()\r\n{\r\n    long A,B,t,k,temp,mul;\r\n    cin>>A>>B;\r\n    temp=B; mul=0;\r\n    while(A)\r\n    { \r\n      t=A%10;\r\n      B=temp;\r\n      while(B)\r\n      {\r\n        k=B%10;\r\n        mul=t*k+mul;\r\n        B=B/10;\r\n       }\r\n       A=A/10;\r\n    }   \r\n    cout<<mul<<endl;\r\n    system(\"pause\");   \r\n}\r\n</pre>',1,NULL,'2016-09-29 08:22:53.233000','2016-09-29 08:22:53.233000'),(192,'pku acm problem 3672','problem?id=3672','<pre>#include <iostream>\r\n#include <cstdlib>\r\nusing namespace std;\r\nint main()\r\n{\r\n    long M,T,U,F,D,count,sum;\r\n    int i;\r\n    char  unit[100000];\r\n    cin>>M>>T>>U>>F>>D;\r\n    count=0; sum=0;\r\n    for(i=0;i<T;++i)\r\n    {\r\n     cin>>unit[i];\r\n     }\r\n     for(i=0;i<T;++i)\r\n     {\r\n       if(unit[i]==\'u\')\r\n       {\r\n        sum=sum+U+D;\r\n        count++;\r\n        }\r\n        if(unit[i]==\'f\')\r\n        {\r\n          sum=sum+F*2;\r\n          count++;\r\n          }\r\n         if(unit[i]==\'d\')\r\n         {\r\n           sum=sum+D+U;\r\n           count++; \r\n           }\r\n          if(M/sum==0)\r\n          {\r\n            count--;\r\n            break;\r\n            }\r\n         } \r\n             cout<<count<<endl;     \r\n            system(\"pause\");\r\n}             \r\n    </pre>',1,NULL,'2016-09-29 08:22:53.570000','2016-09-29 08:22:53.570000'),(193,'pku acm problem 1298','problem?id=1298','<pre>#include<stdio.h>\r\n#include<string.h>\r\nint main()\r\n{\r\n   char str1[3][210];\r\n   int i,j;\r\n   while(1)\r\n   {\r\n      gets(str1[0]);\r\n      if(strcmp(str1[0],\"ENDOFINPUT\")==0) break;\r\n      for(i=1;i<3;i++)\r\n      gets(str1[i]);\r\n      for(j=0;str1[1][j]!=\'\\0\';j++)\r\n      {\r\n         if(str1[1][j]>=\'A\'&&str1[1][j]<=\'Z\')\r\n        {\r\n            str1[1][j]=str1[1][j]-5;\r\n            if(str1[1][j]<\'A\'&&str1[1][j]>=\'A\'-5)\r\n            str1[1][j]=str1[1][j]+26;\r\n        }\r\n      }\r\n     printf(\"%s\\n\",str1[1]);\r\n   }\r\n  return 0;\r\n}\r\n</pre>',1,NULL,'2016-09-29 08:22:53.900000','2016-09-29 08:22:53.900000'),(194,'pku acm problem 3210','problem?id=3210','<pre>#include \"stdio.h\"\r\nint main()\r\n{\r\n   int j,num,x;\r\n   while(1)\r\n   {\r\n      x=0;\r\n      scanf(\"%d\",&num);\r\n      if(num==0) break;\r\n      if(num%2==0)  \r\n       printf(\"No Solution!\\n\");\r\n      else\r\n      {\r\n         x=num-1;\r\n         printf(\"%d\\n\",x);    \r\n       }\r\n    }     \r\n}</pre>',1,NULL,'2016-09-29 08:22:54.218000','2016-09-29 08:22:54.218000'),(195,'pku acm problem 2121','problem?id=2121','<pre>#include <vector>\r\n#include <list>\r\n#include <map>\r\n#include <set>\r\n#include <deque>\r\n#include <stack>\r\n#include <bitset>\r\n#include <string>\r\n#include <functional>\r\n#include <fstream>\r\n#include <numeric>\r\n#include <utility>\r\n#include <sstream>\r\n#include <fstream>\r\n#include <iostream>\r\n#include <iomanip>\r\n#include <cstdio>\r\n#include <cmath>\r\n#include <cstdlib>\r\n#include <ctime>\r\n#include <algorithm>\r\n\r\nusing namespace std;\r\n\r\nint main()\r\n{\r\n    \r\nmap <string , int> mapdata;\r\nstring  aa[20]={\"zero\", \"one\", \"two\", \"three\", \"four\", \"five\", \"six\", \"seven\", \"eight\",\"nine\",\r\n\"ten\",\"eleven\", \"twelve\", \"thirteen\", \"fourteen\", \"fifteen\", \"sixteen\", \"seventeen\", \"eighteen\",\r\n \"nineteen\"};\r\nstring   bb[8]={\"twenty\", \"thirty\", \"forty\", \"fifty\", \"sixty\", \"seventy\", \"eighty\", \"ninety\"};\r\nstring data[20];\r\nstring tt,t;\r\nint k, sum,temp,keep,flag;\r\nbool million;\r\n\r\n       for(int i=0; i<20; ++i){\r\n\r\n         mapdata.insert(pair<string,int>(aa[i],i));\r\n\r\n       }\r\n\r\n      for(int i=0; i< 8; ++i){\r\n        \r\n       k = (i+2)*10;        \r\n       mapdata.insert(pair<string, int>(bb[i],k));        \r\n        }\r\n\r\n       while(getline(cin,tt)){\r\n               \r\n               if(tt == \"\")  break;\r\n               k=0;  t= \"\";   sum =0;  temp =0; keep = 0;  million = false;  flag = 0;\r\n               for(int i=0; i<20; ++i)\r\n               data[i] = \"\";\r\n               \r\n               for(int i=0; i<= tt.size(); ++i){\r\n                       \r\n                       if(tt[i] == \' \'||tt[i] == \'\\0\'){   \r\n                                \r\n                                data[k] = t;\r\n                                \r\n                                k ++;\r\n                                \r\n                                t = \"\";\r\n                                \r\n                                continue;}\r\n                                \r\n                        else t += tt[i];                               \r\n                       \r\n                       }\r\n               \r\n              for(int i=0; i<k; ++i){\r\n              \r\n              if(data[i] ==\"hundred\"||data[i] ==\"thousand\"||data[i] ==\"million\" ){\r\n                         \r\n                        if( data[i] ==\"hundred\"){\r\n                            \r\n                          keep += temp * 100;\r\n                          \r\n                           temp = 0;\r\n                           \r\n                           flag =1;\r\n\r\n                         }\r\n                         \r\n                         if(data[i] ==\"thousand\"){\r\n                                  \r\n                                  if(million){\r\n                                              \r\n                                              sum = sum + keep*1000 + temp *1000;\r\n                                              keep = 0;\r\n                                              \r\n                                              \r\n                                              flag = 2;\r\n                                              \r\n                                              temp = 0;\r\n                                              continue;\r\n                                      }\r\n                         \r\n                               else {\r\n                                        if(flag<2)\r\n                                  \r\n                                         keep = keep *1000 + temp *1000;\r\n                                         \r\n                                         else \r\n                                         \r\n                                         keep = temp *1000;\r\n                                         \r\n                                         temp = 0;\r\n                                         \r\n                                         flag =2;\r\n                                   \r\n                                    }             \r\n                         }    \r\n                         \r\n                         if(data[i] ==\"million\" ){\r\n                                      \r\n                                sum = keep *1000000 +temp*1000000;\r\n                                \r\n                                keep =0;\r\n                                \r\n                                temp =0;\r\n                                \r\n                                flag =3;\r\n                                \r\n                                million = true;\r\n                           \r\n                         }\r\n                         \r\n                         }\r\n              \r\n              else  temp +=  mapdata[data[i]];\r\n          \r\n              }\r\n              \r\n              sum =sum + keep + temp;\r\n     \r\n          if(data[0] ==\"negative\")   sum = 0 - sum;\r\n          \r\n             cout<<sum<<endl;\r\n   }\r\n}\r\n\r\n</pre>',1,NULL,'2016-09-29 08:22:54.560000','2016-09-29 08:22:54.560000'),(196,'pku acm problem 1519','problem?id=1519','<pre>#include \"stdio.h\"\r\nint main()\r\n{\r\n char c[1001];\r\n int n,sum;\r\n int i;\r\n while(1)\r\n {\r\n    n=0;sum=0;\r\n    gets(c);\r\n    if(strcmp(c,\"0\")==0) break;\r\n    for(i=0;c[i];i++)\r\n    {\r\n       n+=c[i]-\'0\';\r\n     }\r\n     sum=he(n);\r\n     while(sum/10)\r\n     {\r\n       n=sum;\r\n       sum=he(n);\r\n      }  \r\n     printf(\"%d\\n\",sum);\r\n  }\r\n}\r\n int he(int n)\r\n{\r\n   int m=0;\r\n   while(n)\r\n   {\r\n      m=m+n%10;\r\n      n=n/10;\r\n    }\r\n    return (m);\r\n }  </pre>',1,NULL,'2016-09-29 08:22:54.872000','2016-09-29 08:22:54.872000'),(197,'pku acm problem 1887','problem?id=1887','<pre>#include \"stdio.h\"\r\nint main()\r\n{\r\n int a[5005],i,j,max,n,temp,count=1;\r\n int b[5005]={0};\r\n while(1)\r\n {\r\n    n=0;\r\n    for(i=0;i<5005;i++)\r\n    {\r\n       scanf(\"%d\",&a[i]);\r\n       if(a[0]==-1) break;\r\n       if(a[n]==-1) break;\r\n       n++;\r\n     }  \r\n     if(n==0) break;\r\n     else\r\n     {\r\n        b[0]=1;\r\n        for(i=1;i<n;i++)\r\n        {\r\n           max=1;\r\n           for(j=0;j<i;j++)\r\n           {\r\n              if(a[j]>a[i])\r\n              {\r\n                 temp=b[j]+1;\r\n                 if(temp>max)\r\n                 max=temp;\r\n               }\r\n             }\r\n           b[i]=max;\r\n         }\r\n       }\r\n       max=1;\r\n       for(i=0;i<n;i++)\r\n       {\r\n        if(max<b[i])\r\n        max=b[i];\r\n        }  \r\n       printf(\"Test #%d:\\n  maximum possible interceptions: %d\\n\\n\",count,max);\r\n       count++;\r\n   }                        \r\n}</pre>',1,NULL,'2016-09-29 08:22:55.215000','2016-09-29 08:22:55.215000'),(198,'pku acm problem 1699','problem?id=1699','<pre>#include <iostream>\r\n#include <vector>\r\n#include <string>\r\n#include <cstdlib>\r\n#include <algorithm>\r\nusing namespace std;\r\n\r\nint T,  N,  mn, tt, len;\r\nint V[10][10];\r\nvector<string>  s;\r\nbool B[10];\r\n\r\nint dist(string a, string b) {\r\n    for(int i = min(a.size(), b.size()); i >= 0; --i)\r\n        if(b.substr(0, i) == a.substr(a.size()-i))\r\n            return i;\r\n}\r\n\r\nvoid dfs(int v, int d) {\r\n    B[v] = true;\r\n    if(d == N) mn = max(mn, len);\r\n    for(int w = 0; w < N; ++w) {\r\n        if(!B[w]) {\r\n            len += V[v][w];\r\n            dfs(w, d+1);\r\n            len -= V[v][w];\r\n        }\r\n    }\r\n    B[v] = false;\r\n}\r\n\r\nint main() {\r\n    \r\n    for(cin >> T; T--;) {\r\n        cin >> N;\r\n        s.resize(N);\r\n        for(int i = tt = 0; i < N; ++i) {\r\n            cin >> s[i];\r\n            tt += s[i].size();\r\n            for(int j = 0; j < i; ++j) {\r\n                V[i][j] = dist(s[i], s[j]);\r\n                V[j][i] = dist(s[j], s[i]);\r\n            }\r\n        }\r\n        mn = 0;\r\n        for(int i = 0; i < N; ++i) {\r\n            len = 0;\r\n            memset(B, 0, sizeof(B));\r\n            dfs(i, 1);\r\n        }\r\n        cout << tt - mn << endl;\r\n    }\r\n // system(\"pause\");\r\n} \r\n</pre>',1,NULL,'2016-09-29 08:22:55.540000','2016-09-29 08:22:55.540000'),(199,'pku acm problem 2309','problem?id=2309','<pre>#include <cstdio>\r\n#include <cstdlib>\r\n#include <cmath>\r\nint main()\r\n{ int m,x,k,p,q,min,max;\r\n  scanf(\"%d\",&m);\r\n  while(m--)\r\n  { scanf(\"%d\",&x);\r\n    if(x%2==1) \r\n	{ min=x; max=x;\r\n	}\r\n	else\r\n	{ p=1;\r\n	  for(k=1;k<31;k++)\r\n	  { p=p*2; q=p*2;\r\n	    if(x%p==0&&x%q!=0) \r\n			break;\r\n	  }\r\n	  min=x-p+1; \r\n	  max=x+p-1;\r\n	}\r\n	printf(\"%d %d\\n\",min,max);\r\n  }\r\n  system(\"pause\");\r\n  return 0;\r\n}\r\n</pre>',1,NULL,'2016-09-29 08:22:55.866000','2016-09-29 08:22:55.866000'),(200,'pku acm problem 3749','problem?id=3749','<pre>#include<iostream>\r\n#include<string>\r\nusing namespace std;\r\n\r\nint main(){\r\n    \r\n    string input;\r\n    string output[100];\r\n    int k;\r\n    \r\n     k = 0;\r\n     \r\n    while(1){\r\n             \r\n             cin >> input;\r\n             \r\n             if(input ==\"ENDOFINPUT\") break;\r\n             \r\n             if(input ==\"START\") continue;\r\n             \r\n             for(int i = 0; i < input.size(); ++i){\r\n                     \r\n                     if(input[i] >= \'F\'&& input[i] <=\'Z\')\r\n                     \r\n                     input[i] -= 5;\r\n                     \r\n                     else if(input[i]>=\'A\'&&input[i] <=\'E\')\r\n                     \r\n                     input[i] +=21;\r\n                     \r\n                     else continue;\r\n                     \r\n                     }\r\n                     \r\n              output[k] = input;\r\n              \r\n              k++;\r\n             \r\n            if(input == \"ZIY\"){\r\n                      \r\n                      if(k == 2)\r\n                      \r\n                      cout << output[0] << endl;\r\n                      \r\n                    if(k > 2){\r\n                           \r\n                           for(int i = 0; i < k-2; ++i)\r\n                                   \r\n                                 cout << output[i] << \" \";\r\n                                                                            \r\n                           cout << output[k - 2] << endl;\r\n                           }\r\n    \r\n                        k = 0; \r\n    \r\n                      }\r\n           \r\n       }\r\n\r\n \r\n}\r\n</pre>',1,NULL,'2016-09-29 08:22:56.212000','2016-09-29 08:22:56.212000'),(201,'pku acm problem 2141','problem?id=2141','<pre>#include <iostream>\r\n#include <cstring>\r\n#include <cstdlib>\r\nusing namespace std;\r\nint main()\r\n{\r\n    string flag,aa,bb;\r\n    int i,j;\r\n    flag=\"\"; aa=\"\"; bb=\"\";\r\n    cin>>flag;\r\n    getchar();\r\n    getline( cin, aa);\r\n    for(i=0; i<aa.size(); ++i)\r\n    {\r\n       if(aa[i]!=\' \')\r\n       {\r\n         if(aa[i]>=\'a\'&&aa[i]<=\'z\')\r\n         aa[i]=flag[aa[i]-\'a\'];\r\n         else\r\n         aa[i]=flag[aa[i]-\'A\']-32;\r\n         bb=bb+aa[i];\r\n        }\r\n        \r\n        else\r\n        bb=bb+\' \';\r\n    }     \r\n    cout<<bb<<endl;  \r\n    system(\"pause\");\r\n}\r\n</pre>',1,NULL,'2016-09-29 08:22:56.540000','2016-09-29 08:22:56.540000'),(202,'pku acm problem 1477','problem?id=1477','<pre>#include \"stdio.h\"\r\nint main()\r\n{\r\n int a[50],i,n,sum,aver,k,m;\r\n m=0;\r\n while(1)\r\n {\r\n  sum=0;aver=0;k=0;  \r\n  scanf(\"%d\",&n);\r\n  if(n==0) break;\r\n  for(i=0;i<n;i++)\r\n  {\r\n        scanf(\"%d\",&a[i]);\r\n        sum=sum+a[i];\r\n   }\r\n   aver=sum/n;\r\n   for(i=0;i<n;i++)\r\n   {\r\n    if(a[i]>aver)\r\n    {\r\n      k=(a[i]-aver)+k; \r\n     }\r\n    }\r\n    m++;\r\n   printf(\"Set #%d\\n\",m);\r\n   printf(\"The minimum number of moves is %d.\\n\",k);\r\n   printf(\"\\n\");\r\n  }\r\n}  \r\n   \r\n   \r\n    </pre>',1,NULL,'2016-09-29 08:22:56.886000','2016-09-29 08:22:56.886000'),(203,'pku acm problem 1207','problem?id=1207','<pre>#include <vector>\r\n#include <list>\r\n#include <map>\r\n#include <set>\r\n#include <deque>\r\n#include <stack>\r\n#include <bitset>\r\n#include <string>\r\n#include <functional>\r\n#include <fstream>\r\n#include <numeric>\r\n#include <utility>\r\n#include <sstream>\r\n#include <fstream>\r\n#include <iostream>\r\n#include <iomanip>\r\n#include <cstdio>\r\n#include <cmath>\r\n#include <cstdlib>\r\n#include <ctime>\r\n#include <algorithm>\r\nusing namespace std;\r\n\r\nint main()\r\n{\r\n    int a,b,mx,temp,Count,m,n;\r\n\r\n  while(scanf(\"%d%d\",&a,&b)!=EOF){\r\n  \r\n                                    if(a>b)    {\r\n                                                  m = a; n=b;\r\n                                               }\r\n                                    \r\n                                    else       {\r\n                                                  m = b; n=a;\r\n                                                }\r\n                                     \r\n                                  mx =1;\r\n                                  \r\n                                  for(int i=n; i<=m; ++i){\r\n                                    \r\n                                    temp = i;  Count=0;\r\n                                    \r\n                                    while(temp!=1){\r\n\r\n	 	                        	 if (temp%2==0)\r\n	 	                        	 \r\n                                            temp = temp /2;\r\n\r\n		 	                      	 else   temp =3*temp + 1;\r\n		 	                      	 \r\n		 	                      	 Count++;\r\n                                        \r\n                                        }\r\n                                        \r\n                                       if(Count > mx) \r\n                    \r\n                                          mx = Count ;\r\n                    \r\n                                     }\r\n                                     \r\n                                     if(a==1&&b==1)\r\n                                     \r\n                                     mx=1;\r\n                                     \r\n                                     else mx++;\r\n                                     \r\n                                     cout << a << \" \"  << b << \" \" << mx <<endl;\r\n                                     \r\n                                  }\r\n\r\n}\r\n\r\n</pre>',1,NULL,'2016-09-29 08:22:57.212000','2016-09-29 08:22:57.212000'),(204,'pku acm problem 2418','problem?id=2418','<pre>#include <string>\r\n#include <map>\r\n\r\nusing namespace std;\r\n\r\ntypedef map< string,int,less<string> > Smap;\r\nint main()\r\n{\r\n           char temp[31];\r\n           int ans=0;\r\n            Smap smap;\r\n            Smap::iterator itr;\r\n          while(gets(temp)!=NULL)\r\n         {\r\n          if(smap.find(temp)==smap.end())\r\n          smap[temp]=1;\r\n          else smap[temp]++;\r\n           ans++;\r\n        }\r\n        for(itr=smap.begin();itr!=smap.end();itr++)\r\n        {\r\n       printf(\"%s %.4f\\n\",(itr->first).c_str(),(100*itr->second)/(double)ans);\r\n         }\r\n}\r\n</pre>',1,NULL,'2016-09-29 08:22:57.539000','2016-09-29 08:22:57.539000'),(205,'pku acm problem 2656','problem?id=2656','<pre>#include \"stdio.h\"\r\nint main()\r\n{\r\n   int n,i,a,b,max,count;\r\n   while(1)\r\n   {\r\n      max=8;\r\n      scanf(\"%d\",&n);\r\n       if(n==0) break;\r\n         for(i=0;i<n;i++)\r\n         {\r\n            scanf(\"%d%d\",&a,&b);\r\n            if(a+b>max)\r\n            {\r\n               max=a+b;\r\n               count=i;\r\n             }  \r\n          }\r\n        if(max==8) printf(\"%d\\n\",0);\r\n        else printf(\"%d\\n\",count+1);\r\n     }     \r\n}</pre>',1,NULL,'2016-09-29 08:22:57.855000','2016-09-29 08:22:57.855000'),(206,'pku acm problem 1201','problem?id=1201','<pre>#include <vector>\r\n#include <list>\r\n#include <map>\r\n#include <set>\r\n#include <deque>\r\n#include <stack>\r\n#include <bitset>\r\n#include <string>\r\n#include <functional>\r\n#include <fstream>\r\n#include <numeric>\r\n#include <utility>\r\n#include <sstream>\r\n#include <fstream>\r\n#include <iostream>\r\n#include <iomanip>\r\n#include <cstdio>\r\n#include <cmath>\r\n#include <cstdlib>\r\n#include <ctime>\r\n#include <algorithm>\r\nusing namespace std;\r\n\r\n#define  MAX 600000\r\n#define  MAXINT 1000000\r\n\r\nstruct EDGE{\r\n   int st,ed,val;\r\n}edge[MAX];\r\n\r\nint dis[MAX],n,mn,mx;\r\n\r\nint bellman_ford()\r\n{\r\n   int i,k;\r\n   \r\n   for(i=mn; i<=mx; ++i)\r\n   dis[i]=-MAXINT;\r\n   dis[mn]=0;\r\n   bool over;\r\n   for(k=0; k<=mx-mn; ++k)\r\n   {\r\n            over =true;\r\n            for(i=0; i<n; ++i)\r\n            if(dis[edge[i].st]!=-MAXINT&&dis[edge[i].st]+edge[i].val>dis[edge[i].ed])\r\n            {\r\n             dis[edge[i].ed]=dis[edge[i].st]+edge[i].val;\r\n             over=false;                                                                      \r\n             }\r\n             \r\n             for(i=mn; i<mx; ++i)\r\n             if(dis[i]!=-MAXINT&&dis[i]>dis[i+1])\r\n             {\r\n                dis[i+1]=dis[i];\r\n                over=false;                                 \r\n             }\r\n             \r\n             for(i=mx; i>mn; --i)\r\n             if(dis[i]!=-MAXINT&&dis[i]-1>dis[i-1])\r\n             {\r\n               dis[i-1]=dis[i]-1;\r\n               over=false;                                    \r\n             }\r\n             \r\n             if(over)  break;\r\n            } \r\n            \r\n            return dis[mx];\r\n    } \r\n\r\nint main(){\r\n    \r\n    int i;\r\n    \r\n    while(scanf(\"%d\",&n)!=EOF){\r\n                                \r\n                                mn=MAXINT;\r\n                                mx=0;\r\n                                for(i=mx; i<n; i++){\r\n                                          \r\n                                          scanf(\"%d%d%d\",&edge[i].st,&edge[i].ed,&edge[i].val);\r\n                                          edge[i].ed++;\r\n                                          if(edge[i].ed>mx)\r\n                                            mx=edge[i].ed;\r\n                                          if(edge[i].st<mn)\r\n                                            mn=edge[i].st;  \r\n                                          }\r\n                                          printf(\"%d\\n\",bellman_ford());\r\n                                }\r\n                   return 0;             \r\n    }\r\n\r\n</pre>',1,NULL,'2016-09-29 08:22:58.185000','2016-09-29 08:22:58.185000'),(207,'pku acm problem 1163','problem?id=1163','<pre>#include \"stdio.h\"\r\nint main()\r\n{\r\n int i,j,n,max;\r\n int a[100][100];\r\n scanf(\"%d\",&n);\r\n for(i=0;i<n;i++)\r\n  for(j=0;j<=i;j++)\r\n  scanf(\"%d\",&a[i][j]);\r\n  max=a[0][0];\r\n  for(i=0;i<n-1;i++)\r\n   for(j=0;j<=i;j++)\r\n  {\r\n   if(j==0)\r\n   a[i+1][j]=a[i+1][j]+a[i][j];\r\n   if(j==i)\r\n   a[i+1][j+1]=a[i+1][j+1]+a[i][j];\r\n   }\r\n   for(i=0;i<n-1;i++)\r\n   for(j=0;j<=i-1;j++)\r\n   {\r\n   if(a[i][j]>a[i][j+1])\r\n   max=a[i][j];\r\n   else\r\n   max=a[i][j+1];\r\n   a[i+1][j+1]=a[i+1][j+1]+max;\r\n   }\r\n   i=n-1;\r\n   max=a[i][0];\r\n   for(j=0;j<=i;j++)\r\n   {\r\n    if(max<a[i][j])\r\n    max=a[i][j];\r\n    }\r\n   printf(\"%d\",max);\r\n}      \r\n    </pre>',1,NULL,'2016-09-29 08:22:58.509000','2016-09-29 08:22:58.509000'),(208,'pku acm problem 1160','problem?id=1160','<pre>#include <iostream>\r\n#include <cstdlib>\r\nusing namespace std;\r\nconst int maxint = 0x7FFFFFFF;\r\ntypedef long long int64;\r\nconst int64 maxint64 = 0x7FFFFFFFFFFFFFFFLL;\r\nconst int maxn = 310;\r\n\r\nint n, p;\r\n\r\nint min_cost[maxn][maxn];\r\nint f[maxn][maxn];\r\nint a[maxn];\r\n\r\nint main()\r\n{\r\n    scanf(\"%d%d\", &n, &p);\r\n    for (int i = 1; i <= n; i++)\r\n        scanf(\"%d\", &a[i]);\r\n    \r\n    for (int i = 1; i <= n; i++)\r\n        for (int j = i; j <= n; j++)\r\n        {\r\n            min_cost[i][j] = 0;\r\n            int mid = (i + j) / 2;\r\n            for (int k = i; k <= mid;++k)\r\n                min_cost[i][j] += a[mid] - a[k];\r\n            for (int k = mid + 1; k <= j; k++)\r\n                min_cost[i][j] += a[k] - a[mid];\r\n        }\r\n\r\n for (int i = 0; i <= p; i++)\r\n        for (int j = 0; j <= n; j++)\r\n            f[i][j] = maxint;\r\n    \r\n    f[0][0] = 0;\r\n    for (int i = 0; i <= p; i++)\r\n        for (int j = 0; j <= n; j++) if (f[i][j] < maxint)\r\n        {\r\n            for (int k = 1; j + k <= n; k++)\r\n                f[i + 1][j + k] <?= f[i][j] + min_cost[j + 1][j + k];\r\n        }\r\n    printf(\"%d\\n\", f[p][n]);\r\n    system(\"pause\");\r\n    return 0;\r\n}\r\n</pre>',1,NULL,'2016-09-29 08:22:58.838000','2016-09-29 08:22:58.838000'),(209,'pku acm problem 3173','problem?id=3173','<pre>#include <iostream>\r\n#include <cstdlib>\r\nusing namespace std;\r\nint main()\r\n{\r\n    int n,s,i,j,k=0,p;\r\n    int a[20][20];\r\n    cin>>n>>s;\r\n    p=s;\r\n    for(i=0;i<n;++i)\r\n    {\r\n      s=p+i;    k=0;       \r\n      for(j=0;j<n;++j)\r\n      {\r\n          s=s+k;\r\n          while(s>9)\r\n               s=s-9; \r\n          a[i][j]=s;\r\n            k++;\r\n       }\r\n      }  \r\n    for(i=0,k=0;i<n;++i,++k)\r\n    {\r\n        for(j=0;j<2*k;++j)\r\n        cout<<\' \';\r\n        for(j=i;j<n;++j)\r\n        cout<<a[i][j]<<\' \';\r\n        cout<<endl;\r\n    }\r\n    system(\"pause\");\r\n}      \r\n         \r\n\r\n</pre>',1,NULL,'2016-09-29 08:22:59.143000','2016-09-29 08:22:59.143000'),(210,'pku acm problem 1674','problem?id=1674','<pre>#include <iostream>\r\n#include <cstdlib>\r\nusing namespace std;\r\n\r\nint main()\r\n{\r\n    int t,n,k,count;\r\n    int *data;\r\n    bool flag[10010];\r\n    cin>>t;\r\n    while(t--)\r\n    {\r\n              cin>>n;\r\n              data=new int [n+1];\r\n              for(int i=1; i<n+1; ++i)\r\n              {\r\n                  cin>>data[i];\r\n                  flag[i]=false;\r\n              }\r\n              k=1;  count=0;\r\n              while(k<n+1)\r\n              {\r\n                 if(flag[k]==false)\r\n                 {\r\n                  while(data[k]!=k)\r\n                  {\r\n                               swap(data[data[k]],data[k]);\r\n                               flag[data[k]]=true;\r\n                               count++;\r\n                  }\r\n                    flag[data[k]]=true;\r\n                 }\r\n                 k++;\r\n              }              \r\n             cout<<count<<endl;\r\n    }\r\n    system(\"pause\");\r\n}\r\n</pre>',1,NULL,'2016-09-29 08:22:59.473000','2016-09-29 08:22:59.473000'),(211,'pku acm problem 3176','problem?id=3176','<pre>#include <iostream>\r\nusing namespace std;\r\nint main ()\r\n{\r\n    int n,i,j,max=0;\r\n    int a[350][350];\r\n    cin >>n;\r\n    for(i=0;i<n;++i)\r\n    {\r\n                    for(j=0;j<=i;++j)\r\n                    cin>>a[i][j];\r\n                    }\r\n   for(i=0;i<n-1;i++)\r\n   for(j=0;j<=i;j++)\r\n  {\r\n   if(j==0)\r\n   a[i+1][j]=a[i+1][j]+a[i][j];\r\n   if(j==i)\r\n   a[i+1][j+1]=a[i+1][j+1]+a[i][j];\r\n   }\r\n   for(i=0;i<n-1;i++)\r\n   for(j=0;j<=i-1;j++)\r\n   {\r\n   if(a[i][j]>a[i][j+1])\r\n   max=a[i][j];\r\n   else\r\n   max=a[i][j+1];\r\n   a[i+1][j+1]=a[i+1][j+1]+max;\r\n   }\r\n   i=n-1;\r\n   max=a[i][0];\r\n   for(j=0;j<=i;j++)\r\n   {\r\n    if(max<a[i][j])\r\n    max=a[i][j];\r\n    }\r\n             cout<<max<<endl;\r\n                system(\"pause\");\r\n}               \r\n               \r\n</pre>',1,NULL,'2016-09-29 08:22:59.805000','2016-09-29 08:22:59.805000'),(212,'pku acm problem 3668','problem?id=3668','<pre>#include <iostream>\r\n#include <set>\r\n#include <cmath>\r\n#include <cstdlib>\r\nusing namespace std;\r\n\r\nint gcd(int m, int n) {\r\n    if(n == 0)  return  m;\r\n    return  gcd(n,m%n);\r\n}\r\n\r\nset<pair<int, int> >    S;\r\nint x[200], y[200], dx, dy, N,  c;\r\n    \r\nint main() {\r\n    cin >> N;\r\n    for(int i = 0; i < N; ++i) {\r\n        cin >> x[i] >> y[i];\r\n        for(int j = 0; j < i; ++j) {\r\n            dx = x[i] - x[j];\r\n            dy = y[i] - y[j];\r\n            c = gcd(abs(dx), abs(dy));\r\n            dx /= c;\r\n            dy /= c;\r\n            if(dy < 0) { dx = -dx; dy = -dy; }\r\n            if(dy == 0 && dx < 0) { dx = -dx; }\r\n            S.insert(make_pair(dx, dy));\r\n        }\r\n    }\r\n    cout << S.size() << endl;\r\n   system(\"pause\");\r\n}\r\n</pre>',1,NULL,'2016-09-29 08:23:00.117000','2016-09-29 08:23:00.117000'),(213,'pku acm problem 2017','problem?id=2017','<pre>#include \"stdio.h\"\r\nint main()\r\n{\r\n int n,i,j,sum;\r\n int a[10][2];\r\n while(1)\r\n {\r\n    scanf(\"%d\",&n);\r\n    if(n==-1)\r\n    break;\r\n    sum=0;\r\n    for(i=0;i<n;i++)\r\n    {\r\n      for(j=0;j<2;j++)\r\n      scanf(\"%d\",&a[i][j]);\r\n     }\r\n     sum=a[0][0]*a[0][1];\r\n     for(i=1;i<n;i++)\r\n     sum=sum+(a[i][1]-a[i-1][1])*a[i][0];\r\n     printf(\"%d miles\\n\",sum); \r\n  }   \r\n}</pre>',1,NULL,'2016-09-29 08:23:00.439000','2016-09-29 08:23:00.439000'),(214,'pku acm problem 1565','problem?id=1565','<pre>#include \"stdio.h\"\r\n#include \"string.h\"\r\nint main()\r\n{\r\n int i,n;\r\n char s[100];\r\n long int sum,k;\r\n while(1)\r\n {\r\n    scanf(\"%s\",&s);\r\n    if(s[0]==\'0\') break;\r\n    i=0;sum=0;k=0;\r\n    while(s[i]!=\'\\0\')\r\n    {\r\n       i++;\r\n     }\r\n     n=i;\r\n     for(i=0;i<n;i++)\r\n     {\r\n        if(s[i]==\'2\')\r\n        {\r\n           sum=(sum+2)*2;\r\n           k=k+2;\r\n         }          \r\n         if(s[i]==\'1\') \r\n         {      \r\n            sum=(sum+1)*2;   \r\n            k=k+1;\r\n          }  \r\n          if(s[i]==\'0\')\r\n          {\r\n             sum=(sum+0)*2;    \r\n             k=k+0;\r\n           }\r\n       }    \r\n           sum=sum-k;   \r\n       printf(\"%ld\\n\",sum); \r\n     }    \r\n}</pre>',1,NULL,'2016-09-29 08:23:00.754000','2016-09-29 08:23:00.754000'),(215,'pku acm problem 2665','problem?id=2665','<pre>#include \"stdio.h\"\r\nint main()\r\n{\r\n long l;\r\n int start,end,m,left;\r\n while(1)\r\n {\r\n    left=0;\r\n    scanf(\"%d%d\",&l,&m);\r\n    if(l==0&&m==0) break;\r\n    while(m>0)\r\n    {\r\n       scanf(\"%d%d\",&start,&end);\r\n       left=l-(end-start+1);\r\n       l=left;\r\n       m--;\r\n     }\r\n     printf(\"%d\\n\",left+1);\r\n  }     \r\n       \r\n}</pre>',1,NULL,'2016-09-29 08:23:01.073000','2016-09-29 08:23:01.073000'),(216,'pku acm problem 2578','problem?id=2578','<pre>#include \"stdio.h\"\r\nint main()\r\n{\r\n int a,b,c;\r\n scanf(\"%d\",&a);\r\n scanf(\"%d\",&b);\r\n scanf(\"%d\",&c);\r\n if(a<168)\r\n {\r\n    printf(\"CRASH %d\",a);\r\n    return 0;\r\n  } \r\n   if(b<168)\r\n {\r\n    printf(\"CRASH %d\",b);\r\n    return 0;\r\n  } \r\n   if(c<168)\r\n {\r\n    printf(\"CRASH %d\",c);\r\n    return 0;\r\n  } \r\n  else\r\n  printf(\"NO CRASH\");\r\n}</pre>',1,NULL,'2016-09-29 08:23:01.406000','2016-09-29 08:23:01.406000'),(217,'pku acm problem 1067','problem?id=1067','<pre>#include<iostream>\r\n#include<math.h>\r\nusing namespace std;\r\n\r\nvoid swap(int&a,int&b)\r\n{\r\nint t;\r\nt=a;a=b;b=t;\r\n}\r\nbool qualify(int a,int b)\r\n{\r\nint k=b-a;\r\nif(a==int(k*(sqrt(5)+1)/2))\r\nreturn true;\r\nreturn false;\r\n}\r\n\r\nint main()\r\n{\r\nint a,b;\r\nwhile(cin>>a>>b)\r\n{\r\nif(a>b)swap(a,b);\r\nif(qualify(a,b))\r\ncout<<0<<endl;\r\nelse \r\ncout<<1<<endl;\r\n}\r\n}</pre>',1,NULL,'2016-09-29 08:23:01.768000','2016-09-29 08:23:01.768000'),(218,'pku acm problem 1005','problem?id=1005','<pre>#include <stdio.h>\r\n#include <math.h>\r\nint main ()\r\n{\r\n int n,i,c;\r\n float a,b;\r\n while (scanf (\"%d\",&n)!=EOF)\r\n {\r\n for (i=1;i<=n;i++)\r\n {\r\n scanf (\"%f%f\",&a,&b);\r\n c=(int)(acos (-1)*(a*a+b*b)/100.0);\r\n printf (\"Property %d: This property will begin eroding in year %d.\\n\",i,c+1);\r\n }\r\n printf (\"END OF OUTPUT.\\n\");\r\n }\r\n  return 0;\r\n}\r\n</pre>',1,NULL,'2016-09-29 08:23:02.106000','2016-09-29 08:23:02.106000'),(219,'pku acm problem 2371','problem?id=2371','<pre>#include <iostream>\r\n#include <algorithm>\r\n#include <cstdlib>\r\nusing namespace std;\r\n\r\nint main()\r\n{\r\n    int n,k,t,m;\r\n    int data[100000];\r\n    string dst;\r\n    cin>>n;\r\n    for(int i=0;i<n;++i)\r\n     cin>>data[i];\r\n     sort(data,data+n);\r\n    cin>>dst;\r\n    cin>>k;\r\n    while(k--)\r\n    {\r\n              cin>>t;\r\n              cout<<data[t-1]<<endl;\r\n    }\r\n    system(\"pause\");\r\n}  \r\n              \r\n      \r\n     \r\n</pre>',1,NULL,'2016-09-29 08:23:02.431000','2016-09-29 08:23:02.431000'),(220,'pku acm problem 3062','problem?id=3062','<pre>#include <iostream>\r\n#include <cstdio>\r\n#include <cstdlib>\r\nusing namespace std;\r\nint main()\r\n{\r\n    char  fin[10];\r\n    while(gets(fin))\r\n    {\r\n                    cout<<fin<<endl;\r\n    }\r\n    system(\"pause\");\r\n}                \r\n</pre>',1,NULL,'2016-09-29 08:23:02.762000','2016-09-29 08:23:02.762000'),(221,'pku acm problem 1844','problem?id=1844','<pre> #include<stdio.h>\r\n int main()\r\n {  \r\n    int s,i,sum=0;\r\n   scanf(\"%d\",&s); \r\n	for(i=1;;i++)\r\n	 {        sum+=i;\r\n		 if(sum-s==0) break;	\r\n 		 else  if((sum-s)%2==0)\r\n 		         if((sum-s)/2>=1) break;\r\n           }\r\n 	printf(\"%d\\n\",i);	 \r\n}\r\n</pre>',1,NULL,'2016-09-29 08:23:03.091000','2016-09-29 08:23:03.091000'),(222,'pku acm problem 3589','problem?id=3589','<pre>#include \"stdio.h\"\r\nint main( )\r\n{\r\n int  p,q,a[4],b[4];\r\n int  n,m,t,i,j;\r\n scanf(\"%d\",&t);\r\n while(t)\r\n {\r\n    n=0,m=0;\r\n    scanf(\"%d\",&p);\r\n    a[0]=p/1000;a[1]=(p-a[0]*1000)/100; a[3]=p%10;a[2]=(p%100-a[3])/10;\r\n    scanf(\"%d\",&q);\r\n      b[0]=q/1000;b[1]=(q-b[0]*1000)/100; b[3]=q%10;b[2]=(q%100-b[3])/10;\r\n      for(i=0;i<4;i++)\r\n      {\r\n       for(j=0;j<4;j++)\r\n       {\r\n          if(b[i]==a[j])\r\n          {\r\n             if(i==j)  n++;\r\n             else m++;\r\n           }\r\n        }\r\n     }\r\n     printf(\"%dA%dB\\n\",n,m);\r\n   t--;\r\n  }           \r\n}</pre>',1,NULL,'2016-09-29 08:23:03.423000','2016-09-29 08:23:03.423000'),(223,'pku acm problem 3100','problem?id=3100','<pre>#include <iostream>\r\n#include <cstdio>\r\n#include <cmath>\r\n#include <cstdio>\r\n#include <cstdlib>\r\nusing namespace std;\r\nint main ()\r\n{\r\n    double  a,b,n,i,temp,min;\r\n    while(1)\r\n    {\r\n            cin>>b>>n;\r\n            if(b==0&&n==0)  break;\r\n            min=pow(2.0,31.0)-1;\r\n            for(i=1;i<=1000000;++i)\r\n            {\r\n               a=pow(i,n);\r\n                temp=fabs(b-a);\r\n                if(temp<min)\r\n                    min=temp;\r\n                else \r\n                   {  a=i-1; break; } \r\n                }         \r\n      printf(\"%.lf\\n\",a);\r\n    }\r\n    system(\"pause\");\r\n}         \r\n</pre>',1,NULL,'2016-09-29 08:23:03.757000','2016-09-29 08:23:03.757000'),(224,'pku acm problem 2388','problem?id=2388','<pre>#include \"stdio.h\"\r\nint main()\r\n{\r\n int n,i,j,k;\r\n long a[10005];\r\n scanf(\"%d\",&n);\r\n for(i=0;i<n;i++)\r\n scanf(\"%d\",&a[i]);\r\n for(i=0;i<n;i++)\r\n { \r\n  for(j=i+1;j<n;j++)\r\n  {\r\n     if(a[i]>a[j])\r\n     {\r\n        k=a[i]; a[i]=a[j]; a[j]=k;\r\n      }\r\n   }\r\n  } \r\n  k=n/2;\r\n  printf(\"%ld\",a[k]);         \r\n}</pre>',1,NULL,'2016-09-29 08:23:04.078000','2016-09-29 08:23:04.078000'),(225,'pku acm problem 1095','problem?id=1095','<pre>#include <iostream>\r\n#include <string>\r\n#include <algorithm>\r\nusing namespace std;\r\n\r\nint Count[20];\r\nint sum[20];\r\n\r\nstring make( int n, int N )\r\n{\r\n    if( n == 1  ) return \"X\" ;\r\n    if( N == 0  ) return \"\";\r\n    \r\n    string str = \"X\";\r\n    int Count_N = 0;\r\n    for( int i = 0; i < 19; ++i ){  \r\n        if( ( Count_N + Count[i] * Count[ n - 1 - i ]) < N )\r\n            Count_N +=  Count[i] * Count[ n - 1 - i ];\r\n        else {\r\n            int N1, N2;\r\n            N2 = ( N - Count_N ) % Count[n - i - 1];\r\n            if( N2 == 0 ) N2 = Count[n-i-1];\r\n            N1 = ( N - Count_N - N2 ) / Count[n - i -1 ] + 1 ; \r\n            // left \r\n            if( i != 0 )\r\n                str = \"(\" + make( i , N1 ) +\")\" + str;\r\n            \r\n            // right\r\n            if( ( n-1-i ) != 0)\r\n                str = str + \"(\" +  make( n-i-1, N2 ) + \")\" ;            \r\n            break;\r\n        }\r\n    }\r\n    \r\n\r\n    return str;\r\n}\r\n\r\n\r\nint main()\r\n{\r\n    memset( Count, 0, sizeof( Count));\r\n    memset( sum, 0, sizeof(sum));\r\n    Count[1] = 1; Count[0] = 1;\r\n    Count[2] = 2;\r\n    sum[1] = 1; sum[0] = 1;\r\n    sum[2] = 3;    \r\n    for(int i=3; i<19; i++){\r\n            \r\n      for(int j=0; j<=i-1; j++){             \r\n            Count[i]+=Count[j]*Count[i-j-1];\r\n            }  \r\n      sum[i]=sum[i-1]+Count[i];\r\n      }    \r\n      int a,n;\r\n      while(cin>>a){                  \r\n                    if(a==0)  break;\r\n                    for(int i=1; i<19; i++){\r\n                            if(sum[i]>=a){\r\n                                          n=i;  break;\r\n                                          }                                           \r\n                            }\r\n                            \r\n             string       str= make( n, a-sum[n-1]);\r\n                    \r\n                    cout<<str<<endl;                  \r\n                     }\r\n    system(\"pause\");\r\n }\r\n\r\n</pre>',1,NULL,'2016-09-29 08:23:04.411000','2016-09-29 08:23:04.411000'),(226,'pku acm problem 1306','problem?id=1306','<pre>#include <iostream>\r\n#include <cstdlib>\r\n#include <cstdio>\r\nusing namespace std;\r\nint main()\r\n{\r\n    int n,m;\r\n    double mul1,mul2,mul3,c;\r\n    while(1)\r\n    {\r\n            cin>>n>>m;\r\n            mul1=1; mul2=1; mul3=1;\r\n            if(n==0&&m==0)  break;\r\n            else \r\n            {\r\n                 for(int i=1;i<=n;++i)\r\n                 mul1=(double)mul1*i;\r\n                 for(int i=1;i<=m;++i)\r\n                 mul2=(double)mul2*i;\r\n                 for(int i=1;i<=n-m;++i)\r\n                 mul3=(double)mul3*i;\r\n            }    \r\n            c=(double)mul1/(mul2*mul3);\r\n       printf(\"%d things taken %d at a time is %.lf exactly.\\n\",n,m,c);\r\n        }\r\n        system(\"pause\");\r\n}        \r\n</pre>',1,NULL,'2016-09-29 08:23:04.740000','2016-09-29 08:23:04.740000'),(227,'pku acm problem 1142','problem?id=1142','<pre>#include <iostream>\r\n#include <cstdlib>\r\n#include <cstdio>\r\nusing namespace std; \r\nint sum(int n)\r\n{\r\n    int m,i,j,sum2;\r\n    int ss[32];    \r\n                    j=0;  sum2=0;   m=n;  i=2;\r\n                    while(i*i<=m)\r\n                    {\r\n                             while(m%i==0)\r\n                             {\r\n                               ss[j]=i;  j++;\r\n                                m=m/i;\r\n                             }  \r\n                             ++i;  \r\n                    } \r\n                    if(m!=1&&m!=n)\r\n                    {  \r\n                     ss[j]=m;  j++;\r\n                     }\r\n                  for(i=0;i<j;++i)\r\n                  {\r\n                                  while(ss[i])\r\n                                  {\r\n                                         sum2=sum2+ss[i]%10;\r\n                                         ss[i]=ss[i]/10;\r\n                                  }\r\n                  }   \r\n                  return  sum2;\r\n}           \r\n\r\nint he(int n)\r\n{\r\n    int sum1;\r\n         sum1=0;  \r\n                    while(n)\r\n                    {\r\n                       sum1=sum1+n%10;\r\n                       n=n/10;\r\n                    }\r\n        return sum1;\r\n}             \r\n\r\nint main()\r\n{\r\n    int  i,n,sum1,sum2,m;\r\n    while(cin>>n&&n)\r\n    {\r\n                    n=n+1;\r\n                    sum1=he(n);\r\n                    sum2=sum(n);\r\n                    while(sum2!=sum1)\r\n                    {\r\n                             n=n+1;\r\n                             sum1=he(n);\r\n                            sum2=sum(n);\r\n                    }                     \r\n           cout<<n<<endl;\r\n    }\r\n    system(\"pause\");\r\n}     \r\n</pre>',1,NULL,'2016-09-29 08:23:05.067000','2016-09-29 08:23:05.067000'),(228,'pku acm problem 1147','problem?id=1147','<pre>#include <iostream>\r\n#include <cstdlib>\r\nusing namespace std;\r\n\r\nint main( )\r\n{\r\nint input[3001];\r\nint first[3001];\r\nint index[3001];\r\nbool flag[3001];\r\nint i,n,cnt,key;\r\nwhile(cin>>n)\r\n{\r\n   cnt = 0;\r\n   for(i=1;i<=n;i++)\r\n   {\r\n    scanf(\"%d\",&input[i]);\r\n    flag[i] = false;\r\n    if(input[i] == 1)\r\n     cnt++;\r\n   }\r\n   for(i=1;i<=n-cnt;i++)\r\n    first[i] = 0;\r\n   for(i=n-cnt+1;i<=n;i++)\r\n    first[i] = 1;\r\n   for(i=1;i<=n;i++)\r\n   {\r\n    key = 1;\r\n    while(first[i]!=input[key] || flag[key]==true)\r\n     key++;\r\n    index[i] = key;\r\n    flag[key] = true;\r\n   }\r\n   key = 1;\r\n   for(i=1;i<=n;i++)\r\n   {\r\n    key = index[key];\r\n    cout<<input[key]<<\" \";\r\n   }\r\n}\r\nreturn 0;\r\n}</pre>',1,NULL,'2016-09-29 08:23:05.379000','2016-09-29 08:23:05.379000'),(229,'pku acm problem 1146','problem?id=1146','<pre>#include <iostream>\r\n#include <algorithm>\r\n#include <cstdlib>\r\nusing namespace std;\r\nint main()\r\n{\r\n    char t[50];\r\n    char *beg;\r\n    char *end;\r\n    while(1)\r\n     {\r\n            cin>>t;\r\n            if(strcmp(t,\"#\")==0)  break;\r\n            else\r\n            {\r\n             beg=t;  end=t+strlen(t);\r\n             if(next_permutation(beg,end))\r\n               cout<<t<<endl;\r\n             else \r\n               cout<<\"No Successor\"<<endl;\r\n             }   \r\n    }\r\n    system(\"pause\");\r\n}          \r\n            \r\n</pre>',1,NULL,'2016-09-29 08:23:05.728000','2016-09-29 08:23:05.728000'),(230,'pku acm problem 1017','problem?id=1017','<pre>#include \"stdio.h\"\r\nint main()\r\n{\r\n long  a,b,c,d,e,f,i,g,h,j,k;\r\n long s[6];\r\n long sum,n,m;\r\n while(1)\r\n {\r\n    a=0;b=0;c=0;d=0;sum=0;e=0;f=0;g=0;h=0;j=0;k=0;\r\n    for(i=0;i<6;i++)\r\n    scanf(\"%ld\",&s[i]);\r\n    if(s[0]==0&&s[1]==0&&s[2]==0&&s[3]==0&&s[4]==0&&s[5]==0)\r\n    break;\r\n    a=s[0]/11; b=s[0]%11; c=s[1]/5;d=s[1]%5; e=s[2]/4;f=s[2]%4;  \r\n       if(a>=s[4])\r\n         a=(a-s[4])*11+b;\r\n       else \r\n          a=0;    \r\n     sum=s[4]+s[5];\r\n       if(c>=s[3])\r\n         c=(c-s[3])*5+d;\r\n       else\r\n         { \r\n           if(a>(20-4*d)+(s[3]-c-1)*20)\r\n           {\r\n             a=a-(20-4*d)-(s[3]-c-1)*20;\r\n             c=0;\r\n            }\r\n            else\r\n            {\r\n               a=0;c=0;\r\n             }   \r\n          }    \r\n     sum=sum+s[3];  \r\n     sum=sum+e;\r\n     if(f) sum++;\r\n       switch(f)\r\n       {\r\n          case 3:if(c>1&&a>5){ c--;a=a-5; break;}\r\n                 if(c>1&&a<=5){c--;a=0; break;}\r\n                 if(c<=1&&a>5){a=a-(9-4*c);c=0; break;}\r\n                 if(c<=1&&a<=5){c=0;a=0; break;}\r\n          case 2:if(c>3&&a>6){c=c-3;a=a-6; break;}\r\n                 if(c>3&&a<=6){c=c-3;a=0;break;}\r\n                 if(c<=3&&a>6){a=a-(18-4*c);c=0;break;}\r\n                 if(c<=3&&a<=6){c=0;a=0;break;}\r\n          case 1:if(c>5&&a>7){c=c-5;a=a-7;break;}\r\n                 if(c>5&&a<=7){c=c-5;a=0;break;}\r\n                 if(c<=5&&a>7){a=a-(27-4*c);c=0;break;}\r\n                 if(c<=5&&a<=7){c=0;a=0;break;}\r\n        } \r\n        if(c){ g=c/9;h=c%9;}\r\n        sum=sum+g;\r\n        if(h){ sum++;\r\n                  if(a>36-4*h)\r\n                  {a=a-(36-4*h);}\r\n                   else  a=0;\r\n               }\r\n           if(a){ j=a/36;k=a%36;}\r\n            sum=sum+j;\r\n          if(k){sum++;}       \r\n      printf(\"%ld\\n\",sum);   \r\n          \r\n  }   \r\n}</pre>',1,NULL,'2016-09-29 08:23:06.051000','2016-09-29 08:23:06.051000'),(231,'pku acm problem 2209','problem?id=2209','<pre>#include \"stdio.h\"\r\nint main()\r\n{\r\n int n,t,i,j,a[105],b[105],sum,max;\r\n    sum=0;\r\n    scanf(\"%d\",&n);\r\n    scanf(\"%d\",&t);\r\n    for(i=0;i<n;i++)\r\n     scanf(\"%d\",&a[i]);\r\n    for(i=0;i<n;i++)\r\n    {\r\n      max=1;\r\n       for(j=0;j<t;j++)\r\n       max=max*a[i];\r\n      a[i]=max;\r\n     } \r\n     for(i=0;i<n;i++)\r\n     {\r\n       if(a[i]>0)\r\n       sum=sum+a[i]; \r\n      } \r\n  printf(\"%d\\n\",sum);\r\n}</pre>',1,NULL,'2016-09-29 08:23:06.377000','2016-09-29 08:23:06.377000'),(232,'pku acm problem 3051','problem?id=3051','<pre>#include <iostream>\r\n#include <cstdlib>\r\n#include <cstdio>\r\nusing namespace std;\r\nint w,h,totle=1; \r\nint tu[1005][85];\r\n\r\nint  shu(int x,int y)\r\n{\r\n   int t;\r\n    if(tu[x][y]==1)\r\n    {\r\n        tu[x][y]=0;\r\n        tu[x][y]=totle;\r\n         totle++;\r\n       if(tu[x][y-1]==1&&y>0)\r\n        \r\n           t=shu(x,y-1);\r\n       if(tu[x][y+1]==1&&y<w-1)\r\n        \r\n            t=shu(x,y+1);\r\n       if(tu[x-1][y]==1&&x>0)\r\n     \r\n            t=shu(x-1,y);\r\n       if(tu[x+1][y]==1&&x<h-1) \r\n        \r\n            t=shu(x+1,y); \r\n     }   \r\n     return totle;     \r\n}\r\nint main()\r\n{\r\n    int i,j,temp,max;\r\n    char t;\r\n    scanf(\"%d%d\",&w,&h);\r\n      max=0;\r\n    for(i=0;i<h;++i)\r\n     for(j=0;j<w;++j)\r\n     {\r\n          cin>>t;\r\n          if(t==\'.\')  tu[i][j]=0;\r\n          if(t==\'*\')  tu[i][j]=1;\r\n     }\r\n     for(i=0;i<h;++i)\r\n      for(j=0;j<w;++j)\r\n      {\r\n          totle=1;\r\n          temp=shu(i,j);\r\n      }   \r\n      for(i=0;i<h;++i)\r\n       for(j=0;j<w;++j)\r\n       {\r\n          if(max<tu[i][j])\r\n          max=tu[i][j];\r\n       }  \r\n       if(max==0||max==1)\r\n        cout<<max<<endl;\r\n       else\r\n        cout<<max-1<<endl;    \r\n     system(\"pause\");\r\n}                     \r\n</pre>',1,NULL,'2016-09-29 08:23:06.722000','2016-09-29 08:23:06.722000'),(233,'pku acm problem 1012','problem?id=1012','<pre>#include \"stdio.h\"\r\nint main()\r\n{\r\n  long f(long n,long m,long t);\r\n  long n,m,k,p,i,j;\r\n  long s[13]={0,0,0,0,0,0,0,0,0,0,0,0,0};\r\n  for(k=1;k<14;k++)\r\n  {\r\n     n=2*k; m=k+1;\r\n     while(1)\r\n     {\r\n        for(i=1;i<=k;i++)\r\n       {\r\n         p=f(n,m,i);\r\n         if(p<k)\r\n          break;    \r\n        }\r\n         if(i==k+1)\r\n          break;      \r\n         if(m%(k+1)==0) m=m+1;\r\n         else m=m+k;   \r\n      }\r\n     s[i-2]=m;\r\n   }\r\n   while(1)\r\n   {   \r\n     scanf(\"%ld\",&j);\r\n     if(j==0) break;\r\n    printf(\"%ld\\n\",s[j-1]); \r\n   }                 \r\n}\r\nlong f(long n,long m,long t)\r\n{\r\n   if(t==1) return (m-1)%n;\r\n   else return (m%n+f(n-1,m,t-1))%n;\r\n} \r\n</pre>',1,NULL,'2016-09-29 08:23:07.048000','2016-09-29 08:23:07.048000'),(234,'pku acm problem 1658','problem?id=1658','<pre>#include<stdio.h>\r\nint main( )\r\n{\r\n int n,i,j,a[20][5],p,q;\r\n scanf(\"%d\",&n);\r\n for(i=0;i<n;i++)\r\n  for(j=0;j<4;j++)\r\n   scanf(\"%d\",&a[i][j]);\r\n for(i=0;i<n;i++)\r\n { \r\n  p=a[i][1]-a[i][0];\r\n  q=a[i][1]/a[i][0];\r\n  if(p==a[i][2]-a[i][1])\r\n   a[i][4]=a[i][3]+p;\r\n   else a[i][4]=a[i][3]*q;\r\n  };\r\n for(i=0;i<n;i++)\r\n  for(j=0;j<5;j++)\r\n  {\r\n   printf(\"%d \",a[i][j]);\r\n   if(j==4)\r\n   printf(\"\\n\");\r\n   };\r\n printf(\"\\n\");\r\n }       </pre>',1,NULL,'2016-09-29 08:23:07.375000','2016-09-29 08:23:07.375000'),(235,'pku acm problem 3117','problem?id=3117','<pre>#include <iostream>\r\n#include <cstdlib>\r\nusing namespace std;\r\nint main()\r\n{\r\n    int t,n,sum,flat,fen;\r\n    char tt[10];\r\n    while(1)\r\n    {\r\n            cin>>t>>n;\r\n            if(t==0)  break;\r\n            sum=0;\r\n            while(t--)\r\n            {\r\n                      cin>>tt>>fen;\r\n                      sum=sum+fen;\r\n            }\r\n            flat=3*n-sum;\r\n            cout<<flat<<endl;\r\n    } \r\n       system(\"pause\");\r\n}                     \r\n             \r\n</pre>',1,NULL,'2016-09-29 08:23:07.706000','2016-09-29 08:23:07.706000'),(236,'pku acm problem 1226','problem?id=1226','<pre>#include <vector>\r\n#include <list>\r\n#include <map>\r\n#include <set>\r\n#include <deque>\r\n#include <stack>\r\n#include <bitset>\r\n#include <string>\r\n#include <functional>\r\n#include <fstream>\r\n#include <numeric>\r\n#include <utility>\r\n#include <sstream>\r\n#include <fstream>\r\n#include <iostream>\r\n#include <iomanip>\r\n#include <cstdio>\r\n#include <cmath>\r\n#include <cstdlib>\r\n#include <ctime>\r\n#include <algorithm>\r\n\r\nusing namespace std;\r\n\r\nstring  reverse (string ss){\r\n     \r\n     string temp;\r\n     \r\n     temp=\"\";\r\n     \r\n     for(int i=ss.size() - 1; i >= 0 ; --i)\r\n     \r\n     temp += ss[i];\r\n\r\n     return  temp;\r\n     \r\n}\r\n\r\nint main()\r\n{\r\n\r\nstring  data[105];\r\nstring sym,bsym,mn;\r\nint t,tt,len,mx;\r\nbool flag;\r\n\r\n         cin>>t;\r\n\r\n         while(t--){\r\n                \r\n                for(int i=0; i < 105; ++i)\r\n                data[i]=\"\";\r\n                \r\n                mx = 0; \r\n                \r\n                mn = \"111111111111111111111111111111111111111111111111111111111111111111111111111111111111111111111111111111\";\r\n                 \r\n                cin>>tt;\r\n                \r\n                for(int i=0; i<tt; ++i){\r\n                \r\n                cin>>data[i];\r\n                \r\n                if(data[i].size() < mn.size())\r\n                \r\n                mn = data[i];\r\n                \r\n                }\r\n               \r\n                for(int i=0; i< mn.size(); ++i){\r\n                        \r\n                        for(int j = 1; j<=mn.size() - i ; ++j){ \r\n                                \r\n                                len = j;          \r\n                        \r\n                                sym = mn.substr(i,j);        \r\n\r\n                                bsym = reverse( sym );\r\n                                \r\n                                for(int k=0; k<tt; ++k){\r\n                                        \r\n                                    if(data[k].size() < len ) {   \r\n                                                      \r\n                                                    flag = true;\r\n                                                    break;\r\n                                                    \r\n                                                    }        \r\n                                \r\n                                    if((data[k].find(sym) == -1)&&(data[k].find( bsym ) == -1)){\r\n                                    \r\n                                    break;\r\n                                    \r\n                                    }    \r\n\r\n                                    if((k == tt -1)){\r\n                                          \r\n                                          if(mx <= len)\r\n                                          \r\n                                            mx = len;\r\n                                            \r\n                                          }                                                                                    \r\n                       \r\n                                 }\r\n                \r\n                }\r\n\r\n                }\r\n                cout << mx <<endl;\r\n\r\n                }\r\n  //           system(\"pause\");\r\n}\r\n\r\n</pre>',1,NULL,'2016-09-29 08:23:08.038000','2016-09-29 08:23:08.038000'),(237,'pku acm problem 1915','problem?id=1915','<pre>#include <iostream>\r\n#include <deque>\r\n#include <algorithm>\r\nusing namespace std;\r\nint main ()\r\n{\r\n    deque< int > values;\r\n    deque< int > balues;\r\n    int board[305][305],i,j,n,t,x,y;\r\n    cin>>t;\r\n    while(t--)\r\n    {\r\n              cin>>n;\r\n              for(i=0;i<n;++i)\r\n               for(j=0;j<n;++j)\r\n                board[i][j]=0;              \r\n              cin>>i>>j;\r\n                board[i][j]=1;\r\n              cin>>x>>y; \r\n               values.push_back(i);\r\n               balues.push_back(j);\r\n              while(!values.empty()&&!balues.empty())\r\n              {\r\n                 i=values[0]; j=balues[0];\r\n                 if(i==x&&j==y)  break;\r\n                 values.pop_front();\r\n                 balues.pop_front();\r\n                 if(board[i-2][j-1]==0&&i>1&&j>0) \r\n                 {                            \r\n                    board[i-2][j-1]=board[i][j]+1;\r\n                    values.push_back(i-2);\r\n                     balues.push_back(j-1);\r\n                    }               \r\n                 if(board[i-2][j+1]==0&&i>1&&j<n-1)\r\n                 {                            \r\n                    board[i-2][j+1]=board[i][j]+1;\r\n                    values.push_back(i-2);\r\n                     balues.push_back(j+1);\r\n                    } \r\n                 if(board[i-1][j-2]==0&&i>0&&j>1)\r\n                 {                            \r\n                    board[i-1][j-2]=board[i][j]+1;\r\n                    values.push_back(i-1);\r\n                     balues.push_back(j-2);\r\n                    } \r\n                 if(board[i-1][j+2]==0&&i>0&&j<n-2)\r\n                 {                            \r\n                    board[i-1][j+2]=board[i][j]+1;\r\n                    values.push_back(i-1);\r\n                     balues.push_back(j+2);\r\n                    } \r\n                 if(board[i+1][j-2]==0&&i<n-1&&j>1)\r\n                 {                            \r\n                    board[i+1][j-2]=board[i][j]+1;\r\n                    values.push_back(i+1);\r\n                     balues.push_back(j-2);\r\n                    } \r\n                 if(board[i+1][j+2]==0&&i<n-1&&j<n-2)\r\n                 {                            \r\n                    board[i+1][j+2]=board[i][j]+1;\r\n                    values.push_back(i+1);\r\n                     balues.push_back(j+2);\r\n                    } \r\n                 if(board[i+2][j-1]==0&&i<n-2&&j>0)\r\n                 {                            \r\n                    board[i+2][j-1]=board[i][j]+1;\r\n                    values.push_back(i+2);\r\n                     balues.push_back(j-1);\r\n                    } \r\n                 if(board[i+2][j+1]==0&&i<n-2&&j<n-1)\r\n                 {                            \r\n                    board[i+2][j+1]=board[i][j]+1;\r\n                    values.push_back(i+2);\r\n                    balues.push_back(j+1);\r\n                    } \r\n              }         \r\n                values.clear(); \r\n                   balues.clear();   \r\n                cout<<board[i][j]-1<<endl;\r\n    }      \r\n    system(\"pause\");\r\n} \r\n                 \r\n              \r\n              \r\n    \r\n    \r\n</pre>',1,NULL,'2016-09-29 08:23:08.367000','2016-09-29 08:23:08.367000'),(238,'pku acm problem 1547','problem?id=1547','<pre>#include <iostream>\r\n#include <cstring>\r\n#include <cstdlib>\r\nusing namespace std;\r\nint main()\r\n{\r\n    int n,data[10][3],max,min,dem,r,c;\r\n    string ss[10];\r\n    while(1)\r\n    {\r\n            cin>>n;    \r\n            if(n==-1)  break;\r\n             max=0; min=501; \r\n             for(int i=0; i<n; ++i)\r\n             ss[i]=\"\";\r\n            for(int i=0; i<n; ++i)\r\n            {\r\n                    for(int j=0; j<3; ++j)\r\n                     cin>>data[i][j];\r\n                     cin>>ss[i];\r\n            }       \r\n            for(int i=0; i<n; ++i)\r\n            {\r\n                    dem=data[i][0]*data[i][1]*data[i][2];\r\n                    if(dem>max)\r\n                    {\r\n                       max=dem;\r\n                       r=i;\r\n                    }\r\n                    if(dem<min)\r\n                    {\r\n                               min=dem;\r\n                               c=i;\r\n                    }\r\n            }    \r\n            cout<<ss[r]<<\" took clay from \"<<ss[c]<<\".\"<<endl;\r\n      }\r\n      system(\"pause\");\r\n}         \r\n                               \r\n                    \r\n</pre>',1,NULL,'2016-09-29 08:23:08.703000','2016-09-29 08:23:08.703000'),(239,'pku acm problem 1595','problem?id=1595','<pre>#include <iostream>\r\n#include <cstdio>\r\n#include <cstdlib>\r\n#include <cmath>\r\nusing namespace std;\r\n\r\nint main()                \r\n{\r\n    int n,c;\r\n    int p[1100],pr[200],i,j,k,r,t;\r\n      p[1]=1;\r\n     for( i=2; i<1100; ++i)\r\n      p[i]=i;\r\n     for( i=2; i<sqrt((double)1100); ++i)\r\n     {\r\n          if(p[i]!=0)\r\n          {\r\n                k=i*i;\r\n                while(k<=1100)\r\n                {\r\n                   p[k]=0;\r\n                   k=k+i;\r\n                }\r\n          }\r\n     }      \r\n     j=0;\r\n     for(i=1; i<1100; ++i)\r\n     {\r\n              if(p[i]!=0)\r\n              {\r\n                         pr[j]=p[i];\r\n                         j++;\r\n              }\r\n     }\r\n    while(scanf(\"%d%d\",&n,&c)!=EOF)\r\n    {\r\n      for(i=0; i<k; ++i)\r\n      {\r\n               if(n<pr[i])\r\n               {\r\n                      j=i;\r\n                      break;\r\n               }                         \r\n       }\r\n      if((2*c-1)>j&&j%2!=0||2*c>j&&j%2==0)\r\n      {\r\n          cout<<n<<\' \'<<c<<\':\'<<\' \';\r\n         for( i=0; i<j; ++i)\r\n              cout<<pr[i]<<\' \';\r\n          cout<<endl;\r\n          cout<<endl;\r\n      }\r\n      else\r\n      {\r\n          if(j%2==0)\r\n          {\r\n                    r=j/2-c; t=j/2+c-1;    \r\n          }\r\n          else\r\n          {\r\n              r=(j-1)/2-c+1;  t=(j-1)/2+c-1;\r\n          }   \r\n          cout<<n<<\' \'<<c<<\':\'<<\' \';     \r\n             for( i=r; i<=t; ++i)\r\n              cout<<pr[i]<<\' \';\r\n               cout<<endl;\r\n              cout<<endl;      \r\n      }            \r\n    }\r\n    system(\"pause\");\r\n}  \r\n</pre>',1,NULL,'2016-09-29 08:23:09.026000','2016-09-29 08:23:09.026000'),(240,'pku acm problem 1256','problem?id=1256','<pre>#include <vector>\r\n#include <list>\r\n#include <map>\r\n#include <set>\r\n#include <deque>\r\n#include <stack>\r\n#include <bitset>\r\n#include <string>\r\n#include <functional>\r\n#include <fstream>\r\n#include <numeric>\r\n#include <utility>\r\n#include <sstream>\r\n#include <fstream>\r\n#include <iostream>\r\n#include <iomanip>\r\n#include <cstdio>\r\n#include <cmath>\r\n#include <cstdlib>\r\n#include <ctime>\r\n#include <algorithm>\r\nusing namespace std;\r\n\r\nint main()\r\n{\r\n  string ss;\r\n  string  data = \"AaBbCcDdEeFfGgHhIiJjKkLlMmNnOoPpQqRrSsTtUuVvWwXxYyZz\";\r\n  int num[15];\r\n  int t,flag;\r\n  \r\n  while(scanf(\"%d\",&t)!=EOF)\r\n  {\r\n                                   \r\n        while(t--)\r\n        {\r\n                  \r\n          cin>>ss;\r\n        \r\n        memset(num, 0, sizeof(num));\r\n        flag=ss.size();  \r\n        \r\n        for(int i=0; i<ss.size(); ++i){\r\n                for(int j=0; j<data.size(); ++j)\r\n                if(ss[i] == data[j]){\r\n                num[i]=j+1;\r\n                }               \r\n                }\r\n\r\n       sort(&num[0], &num[flag]);\r\n        \r\n      		do{\r\n                ss=\"\";   \r\n                  \r\n              for(int i=0; i<flag; ++i)\r\n\r\n              ss = ss +  data[num[i]-1];\r\n              \r\n             cout << ss <<\" \";\r\n             \r\n             cout << endl;\r\n             \r\n		}while(next_permutation(num, num+flag));\r\n		\r\n         }\r\n  }  \r\n\r\n}\r\n\r\n</pre>',1,NULL,'2016-09-29 08:23:09.361000','2016-09-29 08:23:09.361000'),(241,'pku acm problem 1250','problem?id=1250','<pre>#include <vector>\r\n#include <list>\r\n#include <map>\r\n#include <set>\r\n#include <deque>\r\n#include <stack>\r\n#include <bitset>\r\n#include <string>\r\n#include <functional>\r\n#include <fstream>\r\n#include <numeric>\r\n#include <utility>\r\n#include <sstream>\r\n#include <fstream>\r\n#include <iostream>\r\n#include <iomanip>\r\n#include <cstdio>\r\n#include <cmath>\r\n#include <cstdlib>\r\n#include <ctime>\r\n#include <algorithm>\r\nusing namespace std;\r\n\r\nint main()\r\n{\r\n  \r\n    string wait,bed;\r\n    int  Count,t,k,i,j;\r\n    bool flag;\r\n\r\n    string ss;\r\n    \r\n    while(1){\r\n             \r\n             wait=\"\";  bed=\"\";\r\n              Count=0;  k=0;\r\n             \r\n             cin>>t;\r\n               \r\n             if(t==0)     break;\r\n             \r\n             getchar();\r\n             \r\n             getline(cin,ss);\r\n             \r\n              for( i=0; i<ss.size(); ++i){\r\n                      \r\n                     flag=false; \r\n                                      \r\n                           for( j=0; j<t; ++j)\r\n                           if(bed[j]==ss[i]&&flag==false){\r\n                             \r\n                             if(!wait.empty()){\r\n                             bed[j]=wait[0];\r\n                             wait = wait.substr(1,wait.size()-1);\r\n                             flag=true;\r\n                             }\r\n                             \r\n                             else  { \r\n                             if(bed.size()>1)        \r\n                             bed = bed.substr(0,j)+bed.substr(j+1,bed.size());\r\n                             else\r\n                             bed.clear();\r\n                             k--;\r\n                             flag=true;\r\n                             }\r\n                             \r\n                           }\r\n                           \r\n                           if(k<t&&flag==false){\r\n                    \r\n                           bed = bed + ss[i];   \r\n                           k++;\r\n                           flag=true;\r\n                    }   \r\n                           \r\n                         if(flag==false&&k==t){\r\n                                           \r\n                            if(wait.empty()&&flag==false){\r\n                             \r\n                             wait = wait +ss[i];\r\n                             flag=true;\r\n                             }\r\n                             \r\n                             else{\r\n                                  \r\n                                  for(int j=0; j<wait.size(); ++j){\r\n                                          \r\n                                          if(wait[j]==ss[i]&&flag==false){\r\n                                               if(wait.size()>1)                            \r\n                                               wait =wait.substr(0,j) + wait.substr(j+1, wait.size());\r\n                                               else\r\n                                               wait.clear();\r\n                                               flag=true;\r\n                                               Count++;                           \r\n                                               }\r\n                                                \r\n                                           }\r\n                                           \r\n                                       if(flag==false){\r\n                                                    \r\n                                               wait = wait +ss[i];\r\n                                               flag=true;        \r\n                                                       }                        \r\n                                           \r\n                               }\r\n                           \r\n                       }\r\n                     \r\n             }\r\n              \r\n            if(Count>0)\r\n             \r\n            cout<<Count<<\" customer(s) walked away.\"<<endl;\r\n             \r\n            else\r\n             \r\n            cout<<\"All customers tanned successfully.\"<<endl;\r\n             \r\n             }\r\n     \r\n\r\n}\r\n\r\n</pre>',1,NULL,'2016-09-29 08:23:09.690000','2016-09-29 08:23:09.690000'),(242,'pku acm problem 2590','problem?id=2590','<pre>#include \"stdio.h\"\r\n#include \"math.h\"\r\nint main()\r\n{\r\n long   n,x,y,count,sum,i;\r\n unsigned  long cha;\r\n    scanf(\"%d\",&n);\r\n    while(n>0)\r\n    {\r\n       cha=0;\r\n       scanf(\"%ld%ld\",&x,&y);\r\n       cha=y-x;\r\n       count=0; sum=2;\r\n       switch(cha)\r\n       {\r\n          case 0:  printf(\"%d\\n\",0); n--; continue;\r\n          case 1:  printf(\"%d\\n\",1); n--; continue;\r\n          case 2:  printf(\"%d\\n\",2); n--; continue;\r\n       }\r\n         if(cha>2)\r\n         {\r\n            for(i=2; ;i++)\r\n            {\r\n               sum=sum+i;\r\n               count++;\r\n               if(sum<cha)\r\n               {\r\n                  sum=sum+i;\r\n                  count++;\r\n                }\r\n                if(sum>=cha)\r\n                    break;\r\n              }\r\n           }\r\n           if(count%2==0)   count=i*2;\r\n           else  count=i*2-1;\r\n           printf(\"%ld\\n\",count);        \r\n           n--;\r\n       }                   \r\n}</pre>',1,NULL,'2016-09-29 08:23:10.026000','2016-09-29 08:23:10.026000'),(243,'pku acm problem 3096','problem?id=3096','<pre>#include <cstdio>\r\n#include <cstdlib>\r\n#include <cstring>\r\nusing namespace std;\r\nint main()\r\n{\r\n    int i,j,k,n,r;\r\n    char fin[80],sign[3],com[3];\r\n    while(1)\r\n    {\r\n            scanf(\"%s\",fin);\r\n            if(strcmp(fin,\"*\")==0)   break;\r\n            r=0;\r\n            n=strlen(fin);\r\n            for(i=0;i<n-1;++i)\r\n            {\r\n                sign[0]=\'0\'; sign[1]=\'0\'; com[0]=\'0\';  com[1]=\'0\';\r\n               for(j=1;j<n-i;++j)\r\n               {\r\n                 sign[0]=fin[i];\r\n                  sign[1]=fin[i+j];\r\n                  k=i+1;\r\n                  while(k<n-j)\r\n                  {\r\n                            com[0]=fin[k];\r\n                            com[1]=fin[k+j];\r\n                            if(sign[0]==com[0]&&sign[1]==com[1])\r\n                            {\r\n                               r=1; break;\r\n                            }\r\n                            k++;\r\n                  }\r\n                  if(r==1)  break; \r\n                 }\r\n                 if(r==1) break;\r\n             }\r\n             if(r==1)\r\n               printf(\"%s is NOT surprising.\\n\",fin);\r\n             if(r==0)\r\n                printf(\"%s is surprising.\\n\",fin);\r\n    }                            \r\n      system(\"pause\");\r\n}\r\n                 \r\n               \r\n</pre>',1,NULL,'2016-09-29 08:23:10.353000','2016-09-29 08:23:10.353000'),(244,'pku acm problem 1088','problem?id=1088','<pre>#include <iostream>\r\n#include <cstdlib>\r\nusing namespace std;\r\nint r,c;\r\nint a[100][100],s[100][100];\r\nint huaxue(int i,int j)\r\n{\r\n\r\n   int max=1,t;\r\n   if(s[i][j]!=0)  return s[i][j];\r\n      if(a[i][j]>a[i][j-1]&&j>0)\r\n       { \r\n          t=huaxue(i,j-1);\r\n         if(max<t+1)  max=t+1;\r\n        }\r\n        \r\n      if(a[i][j]>a[i][j+1]&&j<c-1)\r\n       { \r\n	 t=huaxue(i,j+1);\r\n	if(max<t+1) max=t+1;\r\n        }\r\n        \r\n     if(a[i][j]>a[i-1][j]&&i>0)\r\n       { \r\n         t=huaxue(i-1,j);\r\n       if(max<t+1) max=t+1;\r\n       }\r\n     \r\n     if(a[i][j]>a[i+1][j]&&i<r-1)\r\n       { \r\n	 t=huaxue(i+1,j);\r\n	 if(max<t+1) max=t+1;\r\n        }\r\n   \r\n    s[i][j]=max;\r\n  return max;\r\n}\r\nint main( )\r\n{\r\n    int x,y,temp,i,j,max=0;\r\n    cin>>r>>c;\r\n    max=0; temp=0;\r\n    for(i=0;i<100;i++)\r\n     for(j=0;j<100;j++)\r\n      s[i][j]=0;\r\n    for(i=0;i<r;i++)\r\n     for(j=0;j<c;j++)\r\n       cin>>a[i][j];\r\n    for(i=0;i<r;i++)\r\n    for(j=0;j<c;j++)\r\n    {\r\n       temp=huaxue(i,j);\r\n       if(temp>max)  max=temp;\r\n       \r\n     }\r\n     cout<<max<<endl;\r\n     system(\"pause\");\r\n}          \r\n      \r\n             \r\n</pre>',1,NULL,'2016-09-29 08:23:10.714000','2016-09-29 08:23:10.714000'),(245,'pku acm problem 2606','problem?id=2606','<pre>#include \"stdio.h\"\r\nint main()\r\n{\r\n int a[200][2],b[200];\r\n int i,j,k,max,n,temp;\r\n while(scanf(\"%d\",&n)!=EOF)\r\n {\r\n    for(i=0;i<n;i++)\r\n    {\r\n       for(j=0;j<2;j++)\r\n       {\r\n          scanf(\"%d\",&a[i][j]);\r\n        }\r\n     }\r\n     for(i=0;i<n-2;i++)\r\n     {  \r\n        temp=0;\r\n        for(j=i+1;j<n-1;j++)\r\n        {\r\n            max=2;\r\n           for(k=j+1;k<n;k++)\r\n           {\r\n              if((a[i][0]-a[j][0])*(a[k][1]-a[j][1])==(a[k][0]-a[j][0])*(a[i][1]-a[j][1]))\r\n              max++;\r\n            }\r\n            if(max>temp)\r\n            temp=max;\r\n         }\r\n          b[i]=temp;\r\n      }      \r\n      max=2;\r\n      for(i=0;i<n-2;i++)\r\n      {\r\n         if(max<b[i])\r\n         max=b[i];\r\n       }\r\n       printf(\"%d\\n\",max);    \r\n }    \r\n}</pre>',1,NULL,'2016-09-29 08:23:11.055000','2016-09-29 08:23:11.055000'),(246,'pku acm problem 1316','problem?id=1316','<pre>#include \"stdio.h\"\r\nint main()\r\n{\r\n   int i,sum,a[10000],n;\r\n    for(i=0;i<10000;i++)\r\n    a[i]=0;\r\n    a[0]=1;\r\n    a[2]=1;\r\n    for(i=2;i<10000;i++)\r\n    {\r\n        n=i;sum=n;\r\n        while(n)\r\n        {\r\n            sum=sum+n%10;\r\n            n=n/10;\r\n         }\r\n         if(sum>=10000)\r\n         {\r\n            continue;\r\n          }\r\n          else a[sum]=1;\r\n       }\r\n    for(i=1;i<10000;i++)\r\n    {\r\n       if(!a[i])\r\n       {\r\n          printf(\"%d\\n\",i);\r\n        }\r\n      }   \r\n      return 0;                   \r\n}</pre>',1,NULL,'2016-09-29 08:23:11.364000','2016-09-29 08:23:11.364000'),(247,'pku acm problem 1008','problem?id=1008','<pre>#include <iostream>\r\n#include <cstdio>\r\n#include <cstring>\r\n#include <cstdlib>\r\nusing namespace std;\r\n\r\nstring Haab[19]={\"pop\",\"no\",\"zip\",\"zotz\",\"tzec\",\"xul\",\"yoxkin\", \r\n\"mol\",\"chen\",\"yax\",\"zac\",\"ceh\",\"mac\",\"kankin\",\"muan\",\"pax\",\"koyab\",\"cumhu\",\"uayet\"}; \r\nstring Tzolkin[20]={\"imix\",\"ik\",\"akbal\",\"kan\",\"chicchan\",\"cimi\",\"manik\",\"lamat\",\"muluk\",\"ok\", \r\n\"chuen\",\"eb\",\"ben\",\"ix\",\"mem\",\"cib\",\"caban\",\"eznab\",\"canac\",\"ahau\"}; \r\nint main()\r\n{\r\n    int n,day1,day2,month1,month2,year1,year2,sum;\r\n    char  haab[10];\r\n    string tzolkin;\r\n    cin>>n;\r\n    cout<<n<<endl;\r\n    while(n--)\r\n    {\r\n              scanf(\"%d.\",&day1);\r\n              scanf(\"%s\",haab);\r\n              scanf(\"%d\",&year1);\r\n              for(int i=0;i<19;++i) \r\n              {\r\n                      if(haab==Haab[i])\r\n                      {\r\n                        month1=i;\r\n                        break;\r\n                        } \r\n              }\r\n                     sum=year1*365+month1*20+day1; \r\n                        year2=sum/260; \r\n                             sum=sum%260;    \r\n                        month2=sum%20; \r\n                    day2=sum%13+1; \r\n              cout<<day2<<\' \'<<Tzolkin[month2]<<\' \'<<year2<<endl;\r\n    }\r\n    system(\"pause\");        \r\n}\r\n</pre>',1,NULL,'2016-09-29 08:23:11.703000','2016-09-29 08:23:11.703000'),(248,'pku acm problem 2601','problem?id=2601','<pre>#include \"stdio.h\"\r\nint main()\r\n{\r\n   int n,i;\r\n   float p,q,sum,d;\r\n   float c[3000];\r\n     scanf(\"%d\",&n);\r\n     scanf(\"%f%f\",&p,&q);\r\n      sum=n*p+q;\r\n   for(i=0;i<n;i++)\r\n   {\r\n      scanf(\"%f\",&c[i]);\r\n    }\r\n    for(i=0;i<n;i++)\r\n    {\r\n       sum=sum-2*(n-i)*c[i];\r\n     }\r\n     d=sum/(n+1); \r\n     printf(\"%5.2f\",d);        \r\n}</pre>',1,NULL,'2016-09-29 08:23:12.025000','2016-09-29 08:23:12.025000'),(249,'pku acm problem 1004','problem?id=1004','<pre>#include <iostream>\r\n#include <cstdlib>\r\nusing namespace std;\r\nint main() \r\n{\r\n    float a,sum,aver;\r\n    int i;\r\n    sum=0;\r\n    for(i=0;i<12;i++)\r\n    {\r\n      cin>>a;\r\n      sum=sum+a;\r\n      }\r\n      aver=sum/12;\r\n      cout<<\'$\'<<aver<<endl;\r\n      system(\"pause\");\r\n}      \r\n    \r\n</pre>',1,NULL,'2016-09-29 08:23:12.357000','2016-09-29 08:23:12.357000'),(250,'pku acm problem 2350','problem?id=2350','<pre>#include \"stdio.h\"\r\nint main()\r\n{\r\n int n,k,i,j,sum,add[1001],count,average;\r\n double above;\r\n scanf(\"%d\",&n);\r\n for(i=0;i<n;i++)\r\n {  \r\n    sum=0;average=0;count=0;\r\n    scanf(\"%d\",&k);\r\n       for(j=0;j<k;j++)\r\n       {\r\n        scanf(\"%d\",&add[j]);\r\n          sum=sum+add[j];\r\n        }\r\n        average=sum/k;\r\n        for(j=0;j<k;j++)\r\n        {\r\n           if(add[j]>average)\r\n           {\r\n              count++; \r\n            }\r\n         }\r\n         above=(float)count/k;\r\n         above=above*100;\r\n       printf(\"%.3lf%c\\n\",above,\'%\');        \r\n   } \r\n}</pre>',1,NULL,'2016-09-29 08:23:12.695000','2016-09-29 08:23:12.695000'),(251,'pku acm problem 1006','problem?id=1006','<pre>#include <iostream>\r\n#include <cstdlib>\r\nusing namespace std;\r\nint main()\r\n{\r\n    int p,e,i,d,t,j;\r\n    int count=0;\r\n    while(1)\r\n    {\r\n       cin>>p>>e>>i>>d;\r\n       if(p==-1&&e==-1&&i==-1&&d==-1)\r\n            break;\r\n          count++;\r\n        j=(5544*p+14421*e+1288*i-d+21252)%21252;\r\n         if(!j)\r\n          j=21252;\r\n         cout<<\"Case \"<<count<<\": the next triple peak occurs in \"<<j<<\" days.\"<<endl;\r\n    }\r\n    system(\"pause\");\r\n}                \r\n</pre>',1,NULL,'2016-09-29 08:23:13.018000','2016-09-29 08:23:13.019000'),(252,'pku acm problem 1007','problem?id=1007','<pre>#include <iostream>\r\n#include <cstdlib>\r\n#include <string>\r\nusing namespace std;\r\n\r\nint main()\r\n{\r\n    int m,n,i,j,k,r;\r\n    char st[100][50];\r\n    int a[100];\r\n    char t[50];\r\n    int sum,max=0;\r\n    cin>>n>>m;\r\n    for(i=0;i<m;++i)\r\n    {        \r\n          cin>>t;\r\n          sum=0;\r\n          strcpy(st[i],t);\r\n        for(j=0;j<n-1;++j)\r\n          for(k=j+1;k<n;++k)\r\n          {\r\n             if(t[j]>t[k])\r\n               sum++;  \r\n             }\r\n             a[i]=sum;\r\n             if(sum>max)\r\n             max=sum;\r\n    }\r\n    for(k=0;k<m;++k)\r\n    {\r\n              sum=max;  \r\n              for(i=0;i<m;++i)\r\n              {\r\n                 if(sum>=a[i]&&a[i]>-1)\r\n                 {\r\n                             sum=a[i];\r\n                             j=i;\r\n                 }                                \r\n              }\r\n              a[j]=-1; \r\n          for(r=0;r<n;++r)                     \r\n             cout<<st[j][r];\r\n             cout<<endl;\r\n\r\n    }                    \r\n      system(\"pause\");\r\n}                    \r\n\r\n    \r\n    \r\n    \r\n</pre>',1,NULL,'2016-09-29 08:23:13.349000','2016-09-29 08:23:13.349000'),(253,'pku acm problem 1000','problem?id=1000','<pre>#include\"iostream\"\r\nusing namespace std;\r\nint main ()\r\n{\r\n    int a,b,c;\r\n    cin>>a>>b;\r\n    c=a+b;\r\n    cout<<c<<endl;\r\n}   \r\n</pre>',1,NULL,'2016-09-29 08:23:13.683000','2016-09-29 08:23:13.683000'),(254,'pku acm problem 1002','problem?id=1002','<pre>#include <vector>\r\n#include <list>\r\n#include <map>\r\n#include <set>\r\n#include <deque>\r\n#include <stack>\r\n#include <bitset>\r\n#include <string>\r\n#include <functional>\r\n#include <fstream>\r\n#include <numeric>\r\n#include <utility>\r\n#include <sstream>\r\n#include <fstream>\r\n#include <iostream>\r\n#include <iomanip>\r\n#include <cstdio>\r\n#include <cmath>\r\n#include <cstdlib>\r\n#include <ctime>\r\n#include <algorithm>\r\n\r\nusing namespace std;\r\n\r\nint main()\r\n{\r\n   \r\nmap<char , char> mapdata;\r\nmap<string, int> result;\r\n\r\nchar data[24]={\'A\',\'B\',\'C\',\'D\',\'E\',\'F\',\'G\',\'H\',\'I\',\'J\',\'K\',\'L\',\'M\',\'N\',\'O\',\'P\',\'R\',\'S\',\'T\',\'U\',\'V\',\'W\',\'X\',\'Y\'}; \r\nchar num[24] ={\'2\',\'2\',\'2\',\'3\',\'3\',\'3\',\'4\',\'4\',\'4\',\'5\',\'5\',\'5\',\'6\',\'6\',\'6\',\'7\',\'7\',\'7\',\'8\',\'8\',\'8\',\'9\',\'9\',\'9\'};   \r\n//初始化     \r\n     for(int i=0; i<24; ++i)\r\n     \r\n     mapdata.insert(pair<char, char>(data[i], num[i])); \r\n     \r\n     for(int i=0;i<=9;i++)\r\n     \r\n      mapdata[\'0\'+i]=\'0\'+i;\r\n      \r\n    int n;\r\n 	cin>>n;\r\n 	\r\n 	while(n--){\r\n               \r\n     	string s; \r\n 	\r\n           cin>>s;\r\n           \r\n    	  string ss=\"\";\r\n \r\n    	  for(int i=0;i<s.length();i++)\r\n     	  {\r\n 	      if(s[i]!=\'-\')\r\n 	    \r\n           ss+=mapdata[s[i]];\r\n 	    }\r\n 	  	  \r\n 	       string::iterator its=ss.begin();\r\n 	  \r\n 	       ss.insert(its+3,\'-\');\r\n 	  \r\n 	       map<string,int>::iterator it;\r\n 	  \r\n 	      it=result.find(ss); \r\n	  \r\n          if(it!=result.end())\r\n 	      {\r\n 	        result[ss] += 1;\r\n 	      }\r\n 	   \r\n	    else \r\n	    \r\n	    result.insert(pair<string, int>(ss, 1));\r\n    \r\n      }\r\n     	\r\n    	map<string,int>::iterator itt;\r\n 	\r\n 	   int c=0;\r\n 	\r\n     	for(itt=result.begin(); itt!=result.end(); itt++)\r\n     	{ \r\n                            \r\n 	     if((*itt).second>1)\r\n 	    \r\n 	     {c=1;   cout<<(*itt).first<<\" \"<<(*itt).second<<endl;}\r\n 	   \r\n     	}\r\n	\r\n     	if(c==0)\r\n    \r\n         cout<<\"No duplicates.\"<<endl;\r\n	\r\n//     system(\"pause\");\r\n\r\n}\r\n\r\n</pre>',1,NULL,'2016-09-29 08:23:14.015000','2016-09-29 08:23:14.015000'),(255,'pku acm problem 1003','problem?id=1003','<pre>#include \"stdio.h\"\r\nint main()\r\n{\r\n float a,s;\r\n int i;\r\n while(1)\r\n {\r\n  scanf(\"%f\",&a);\r\n  if(a==0.00)\r\n  break;\r\n  else\r\n  {\r\n  s=0.00;\r\n  i=2;\r\n  while(s<=a)\r\n  {\r\n   s=s+(float)1/i;\r\n   i=i+1;\r\n  }\r\n  i=i-2;\r\n  printf(\"%d card(s)\\n\",i);\r\n  }\r\n  }\r\n}</pre>',1,NULL,'2016-09-29 08:23:14.351000','2016-09-29 08:23:14.351000'),(256,'pku acm problem 3325','problem?id=3325','<pre>#include <iostream>\r\nusing namespace std;\r\nint main( )\r\n{\r\n    int t,low,high,i,sum,aver;\r\n    int  score[100];\r\n    while(1)\r\n    {\r\n            cin>>t;\r\n            if(t==0) break;\r\n            else\r\n            {\r\n              for(i=0;i<t;++i)\r\n              cin>>score[i];\r\n              low=score[0]; high=score[0]; sum=0;\r\n              for(i=0;i<t;i++)\r\n              {\r\n                              if(low>score[i])\r\n                                 low=score[i];\r\n                              if(high<score[i])\r\n                                high=score[i];\r\n                              sum=sum+score[i];\r\n              }\r\n              } \r\n              t=t-2;\r\n              aver=(sum-high-low)/t;\r\n             cout<<aver<<endl;\r\n             }\r\n}                   \r\n              \r\n                                             \r\n            \r\n</pre>',1,NULL,'2016-09-29 08:23:14.662000','2016-09-29 08:23:14.662000'),(257,'pku acm problem 2478','problem?id=2478','<pre>#include <cstdio>\r\n#include <cmath>\r\n#include <cstdlib>\r\nusing namespace std;\r\nconst int MAX = 1000001;\r\n\r\nint prime[MAX/5];\r\nint len = 0;\r\n\r\n__int64 dp[MAX];\r\n\r\nint check ( int n )/**//*得到最小质因数*/\r\n{\r\n    if ( !( n & 1 ) )\r\n    {\r\n        return 2;\r\n    }\r\n\r\n    int m = (int)sqrt ( (double)n );\r\n\r\n    int l, r, mid;\r\n    l = 0;\r\n    r = len-1;\r\n    while ( l <= r )\r\n    {\r\n        mid = ( l+r ) / 2;\r\n        if ( prime[mid] > m )\r\n        {\r\n            r = mid - 1;\r\n        }\r\n        else\r\n        {\r\n            l = mid + 1;\r\n        }\r\n    }\r\n    for ( int i=0; i<=r; i++ )\r\n    {\r\n        if ( n % prime[i] == 0 )\r\n        {\r\n            return prime[i];\r\n        }\r\n    }\r\n    prime[len++] = n;\r\n    return n;\r\n}\r\n\r\nvoid cup ()\r\n{\r\n\r\n    dp[1] = 1;\r\n    dp[2] = 1;\r\n    dp[3] = 2;\r\n    dp[4] = 2;\r\n    dp[5] = 4;\r\n    prime[0] = 2;\r\n    prime[1] = 3;\r\n    prime[2] = 5;\r\n    len = 3;\r\n    for ( int i=6; i<MAX; i++ )\r\n    {\r\n        int min = check ( i );\r\n\r\n        if ( (i / min) % min )\r\n        {\r\n            dp[i] = dp[i/min]*(min-1);\r\n        }\r\n        else\r\n        {\r\n            dp[i] = dp[i/min]*min;\r\n        }\r\n    }\r\n\r\n    for ( int i=3; i<MAX; i++ )\r\n    {\r\n        dp[i] += dp[i-1];\r\n    }\r\n}\r\n\r\nint main ()\r\n{\r\n\r\n    int n;\r\n\r\n    cup ();\r\n\r\n    while ( scanf ( \"%d\", &n ) != EOF && n )\r\n    {\r\n        printf ( \"%I64d\\n\", dp[n] );\r\n    }\r\n    system(\"pause\");\r\n    return 0;\r\n}\r\n</pre>',1,NULL,'2016-09-29 08:23:14.982000','2016-09-29 08:23:14.982000'),(258,'pku acm problem 2681','problem?id=2681','<pre>#include <iostream>\r\n#include <cstdlib>\r\n#include <cstring>\r\nusing namespace std;\r\nint main()\r\n{\r\n    int t,i,j,count,Case,sum;\r\n    string aa,bb;\r\n    bool flag[50],data[50];\r\n    cin>>t;\r\n    getchar();\r\n    Case=1;\r\n    while(t--)\r\n    {          \r\n              getline( cin, aa );\r\n              getline( cin, bb );\r\n              for(i=0; i<50; ++i)\r\n              {\r\n                flag[i]=false;\r\n                data[i]=false;\r\n              }\r\n              count=0;\r\n              for(i=0; i<aa.size(); ++i)\r\n               for(j=0; j<bb.size(); ++j)\r\n               {\r\n                        if(aa[i]==bb[j]&&flag[j]==false&&data[i]==false)\r\n                        {\r\n                             flag[j]=true;\r\n                             data[i]=true;           \r\n                             count++;\r\n                        }\r\n               }\r\n                sum=aa.size()+bb.size()-count*2;\r\n               cout<<\"Case #\"<<Case<<\":\"<<\"  \"<<sum<<endl;\r\n                 Case++;\r\n    }\r\n    system(\"pause\");\r\n}          \r\n</pre>',1,NULL,'2016-09-29 08:23:15.329000','2016-09-29 08:23:15.329000'),(259,'pku acm problem 3224','problem?id=3224','<pre>#include<stdio.h>\r\nint main()\r\n{\r\n   int a[110][110],i,j,n,w,k=0,max=0;\r\n   scanf(\"%d\",&n);\r\n    for(i=0;i<n;i++)\r\n    { \r\n      for(j=0;j<n;j++)\r\n      {\r\n         scanf(\"%d\",&a[i][j]);\r\n         if(a[i][j]==3)\r\n           k++;\r\n\r\n      }\r\n      if(max<k)\r\n      {\r\n         max=k;\r\n         w=i; \r\n      }\r\n     k=0;\r\n    }\r\n   printf(\"%d\\n\",w+1);\r\n   return 0;  \r\n}</pre>',1,NULL,'2016-09-29 08:23:15.660000','2016-09-29 08:23:15.660000'),(260,'pku acm problem 1797','problem?id=1797','<pre>#define maxn 1001\r\n#include<cstring>\r\n#include<cstdio>\r\n#include <cstdlib>\r\nlong int use[maxn],f[maxn][maxn],d[maxn];\r\nlong int min(long int a,long int b)\r\n {long int z;\r\n  if (a>=b) z=b;\r\n     else z=a;\r\n  return(z);\r\n }\r\nint  main()\r\n{ \r\n  long  max,k,q,i1,j1,i,j,x,y,n,m;\r\n  scanf(\"%ld\",&q);\r\n  for(i1=1;i1<=q;i1++)\r\n   {scanf(\"%ld %ld\",&n,&m);\r\n    memset(f,0,sizeof(f));\r\n    for (j1=1;j1<=m;j1++)\r\n     {scanf(\"%ld %ld\",&x,&y);\r\n      scanf(\"%ld\",&f[x][y]);\r\n      f[y][x]=f[x][y];}\r\n    memset(d,0,sizeof(d));memset(use,0,sizeof(use));\r\n    for (i=1;i<=n;i++) d[i]=f[1][i];use[1]=1;\r\n    for (k=1;k<=n-1;k++)\r\n     {max=0;\r\n      for (i=1;i<=n;i++)\r\n	if (use[i]==0&&d[i]>max) {j=i;max=d[i];}\r\n      use[j]=1;\r\n      for (i=1;i<=n;i++)\r\n	if ((use[i]==0)&&(min(d[j],f[j][i])>d[i])) d[i]=min(d[j],f[j][i]);\r\n     }\r\n    printf(\"Scenario #%ld:\\n\",i1);\r\n    printf(\"%ld\\n\",d[n]);\r\n    printf(\"\\n\");\r\n    system(\"pause\");\r\n   }\r\n}\r\n\r\n</pre>',1,NULL,'2016-09-29 08:23:15.983000','2016-09-29 08:23:15.983000'),(261,'pku acm problem 2027','problem?id=2027','<pre>#include \"stdio.h\"\r\nint main()\r\n{\r\n int n,i,x,y;\r\n  scanf(\"%d\",&n);\r\n  for(i=0;i<n;i++)\r\n  {\r\n     scanf(\"%d%d\",&x,&y);\r\n     if(x>=y)\r\n       printf(\"MMM BRAINS\\n\");\r\n      else\r\n         printf(\"NO BRAINS\\n\");\r\n   }     \r\n}</pre>',1,NULL,'2016-09-29 08:23:16.310000','2016-09-29 08:23:16.310000'),(262,'pku acm problem 1247','problem?id=1247','<pre>#include \"stdio.h\"\r\n#include \"math.h\"\r\nint main()\r\n{\r\n int n,i,j,a[30],s,q,p;\r\n while(1)\r\n {\r\n  scanf(\"%d\",&n);\r\n  if(n==0)\r\n  break;\r\n  q=0;s=0;\r\n  for(i=0;i<n;i++)\r\n  scanf(\"%d\",&a[i]);\r\n  for(i=0;i<n;i++)\r\n  s=s+a[i];\r\n  if(s%2==0)\r\n  {\r\n  for(i=0;i<n;i++)\r\n  {\r\n   p=0;  \r\n   q=q+a[i];\r\n   if(q==s/2)\r\n   {\r\n   printf(\"Sam stops at position %d and Ella stops at position %d.\\n\",i+1,i+2);\r\n   p=1;\r\n   break; \r\n   }\r\n   }\r\n   if(p==0)\r\n   printf(\"No equal partitioning.\\n\"); \r\n   }\r\n   else\r\n   printf(\"No equal partitioning.\\n\"); \r\n   }\r\n}\r\n   \r\n  </pre>',1,NULL,'2016-09-29 08:23:17.085000','2016-09-29 08:23:17.085000'),(263,'pku acm problem 1731','problem?id=1731','<pre>#include <iostream>\r\n#include <cstdlib>\r\n#include <algorithm> \r\nusing namespace std; \r\nint main() \r\n{ \r\n    char str[201];\r\n    cin>>str;\r\n    sort(str,str+(strlen(str)));\r\n    char *Beg = str; \r\n    char *End = str + strlen(str); \r\n    do{ \r\n       cout<<str<<endl;\r\n    }while(next_permutation(Beg, End)); \r\n    system(\"pause\");\r\n    return 0;\r\n} \r\n</pre>',1,NULL,'2016-09-29 08:23:17.418000','2016-09-29 08:23:17.418000'),(264,'pku acm problem 1126','problem?id=1126','<pre>#include <cstdio>\r\n#include <cstring>\r\n#include <iostream>\r\nusing namespace std;\r\n\r\nchar a[400];\r\nint flag;\r\nint len;\r\nint i,j;\r\nint main()\r\n{	\r\n     	for(j=0;j<len;j++)\r\n		{\r\n			a[j]=\'\\0\';\r\n		}	\r\n	while((scanf(\"%s\",&a))!=EOF)\r\n	{	\r\n		flag=0;\r\n		len=(int)strlen(a);\r\n		for(i=len-1;i>=0;i--)\r\n		{\r\n			if(a[i]>=\'p\'&&a[i]<=\'z\')\r\n			{\r\n				flag++;\r\n			}\r\n			else if(a[i]==\'C\'||a[i]==\'D\'||a[i]==\'E\'||a[i]==\'I\')\r\n			{\r\n				if(flag>=2)\r\n				{\r\n					flag--;\r\n				}\r\n				else \r\n				{\r\n					flag=0;\r\n					break;\r\n				}\r\n			}\r\n			else if(a[i]==\'N\')\r\n			{\r\n				if(flag==0)\r\n				{\r\n					break;\r\n				}\r\n			}\r\n			else\r\n			{\r\n				flag=0;\r\n				break;\r\n			}\r\n		}\r\n		if(flag==1)\r\n		{\r\n			printf(\"YES\\n\");\r\n		}\r\n		else\r\n		{\r\n			printf(\"NO\\n\");\r\n		}\r\n	}\r\n	system(\"pause\");\r\n}\r\n</pre>',1,NULL,'2016-09-29 08:23:17.743000','2016-09-29 08:23:17.743000'),(265,'pku acm problem 1125','problem?id=1125','<pre>#include<iostream>\r\nusing namespace std;\r\n\r\nint distant[101][101];\r\nint t[101];\r\n\r\nconst int maxint=999999999;\r\n\r\nmain()\r\n{\r\n	int n;\r\n	int m;\r\n	int i,j,k;\r\n	int people,time;\r\n	int max,min,mini;\r\n	cin>>n;\r\n	while(n)\r\n	{\r\n		for(i=1;i<=n;i++)\r\n			for(j=1;j<=n;j++)\r\n			distant[i][j]=maxint;\r\n		for(i=1;i<=n;i++)\r\n			distant[i][i]=0;\r\n		for(i=1;i<=n;i++)\r\n		{\r\n			cin>>m;\r\n			for(j=1;j<=m;j++)\r\n			{\r\n				cin>>people>>time;\r\n				distant[i][people]=time;\r\n			}\r\n		}\r\n		for(k=1;k<=n;k++)\r\n			for(i=1;i<=n;i++)\r\n				for(j=1;j<=n;j++)\r\n					if(distant[i][k]+distant[k][j]<distant[i][j])\r\n						distant[i][j]=distant[i][k]+distant[k][j];\r\n		for(i=1;i<=n;i++)\r\n		{\r\n			max=0;\r\n			for(j=1;j<=n;j++)\r\n				if(distant[i][j]>max) max=distant[i][j];\r\n			t[i]=max;\r\n		}\r\n		min=maxint;\r\n		for(i=1;i<=n;i++)\r\n			if(t[i]<min)\r\n			{\r\n				min=t[i];\r\n				mini=i;\r\n			}\r\n		if(min==maxint)\r\n        cout<<\"disjoin.\"<<endl;\r\n        else	\r\n		cout<<mini<<\" \"<<min<<endl;\r\n		cin>>n;\r\n	}\r\n	return 0;\r\n}\r\n</pre>',1,NULL,'2016-09-29 08:23:18.069000','2016-09-29 08:23:18.069000'),(266,'pku acm problem 3230','problem?id=3230','<pre>#include <iostream>\r\n#include <cstdlib>\r\nusing namespace std;\r\nint main()\r\n{\r\n    int m,n,i,j,temp,max,k;\r\n    string ss;\r\n    int aa[110][110],bb[110][110];\r\n    while(cin>>n>>m)\r\n    {\r\n      if(n==0&&m==0)  break;\r\n       temp=0; max=0;\r\n       for(i=1; i<=n; ++i)\r\n         for(j=1; j<=n; ++j)\r\n          cin>>aa[i][j];      \r\n       for(i=1; i<=m; ++i)\r\n         for(j=1; j<=n; ++j)\r\n          cin>>bb[i][j];\r\n        for(j=1; j<=n; ++j)\r\n           bb[1][j]=bb[1][j]-aa[1][j];\r\n        for(i=2; i<=m; ++i)\r\n        {\r\n                 for(j=1; j<=n; ++j)\r\n                 {\r\n                          max=0;\r\n                          for(k=1; k<=n; ++k)\r\n                          {\r\n                            temp=bb[i-1][k]+bb[i][j]-aa[k][j];\r\n                            if(temp>max)\r\n                             max=temp;\r\n                           } \r\n                           bb[i][j]=max;\r\n                 }\r\n        }\r\n        max=0;\r\n        for(j=1; j<=n; j++)\r\n        {\r\n           if(bb[m][j]>max)\r\n           max=bb[m][j];\r\n        }  \r\n        cout<<max<<endl;\r\n      }                                  \r\n      system(\"pause\");\r\n}\r\n</pre>',1,NULL,'2016-09-29 08:23:18.391000','2016-09-29 08:23:18.391000'),(267,'pku acm problem 1323','problem?id=1323','<pre>#include<stdio.h>\r\nint main()\r\n{\r\n   int n,m,a[1010],b[1010],t,i,j,k,p=0,count;\r\n   scanf(\"%d%d\",&n,&m); \r\n   while(n!=0&&m!=0)\r\n   {   \r\n       count=0;\r\n       for(i=0;i<m;i++)\r\n       scanf(\"%d\",&a[i]);\r\n         for(i=0;i<m;i++)\r\n          for(j=i+1;j<m;j++)\r\n           if(a[i]<a[j])\r\n           {\r\n              t=a[i];\r\n              a[i]=a[j];\r\n              a[j]=t;\r\n           }\r\n       for(i=1;i<=m*n;i++)  b[i]=1;\r\n       j=m*n;\r\n       for(i=0;i<m;i++)\r\n       {   \r\n         if(j==a[i]) { count++;b[j]=0;j--;} \r\n         else \r\n         { \r\n           b[j]=0;b[a[i]]=0;j--;\r\n           for(k=j;k>=a[i]-1;k--)\r\n           {\r\n              if(b[k])  \r\n               { \r\n                  j=k;\r\n                  break;\r\n               }  \r\n           }\r\n         }\r\n       }\r\n       p++;\r\n       printf(\"Case %d: %d\\n\",p,count);\r\n       scanf(\"%d%d\",&n,&m);\r\n     }  \r\n   return 0;\r\n}</pre>',1,NULL,'2016-09-29 08:23:18.736000','2016-09-29 08:23:18.736000'),(268,'pku acm problem 2509','problem?id=2509','<pre>#include \"stdio.h\"\r\nint main()\r\n{\r\n int a,b,n;\r\n while(scanf(\"%d%d\",&a,&b)!=EOF)\r\n {\r\n  \r\n  n=a;\r\n  while(a/b!=0)\r\n  {\r\n   n=n+a/b;\r\n   a=a/b+a%b;\r\n  }\r\n  printf(\"%d\\n\",n); \r\n }\r\n}</pre>',1,NULL,'2016-09-29 08:23:19.050000','2016-09-29 08:23:19.050000'),(269,'pku acm problem 2612','problem?id=2612','<pre>#include <iostream>\r\n#include <cstdlib>\r\nusing namespace std;\r\n\r\nint main()\r\n{\r\n    char data[15][15], flag[15][15], out[15][15];\r\n    int r,c,n,count;\r\n    bool ss=false;\r\n    cin>>n;\r\n    for(int i=0; i<n; ++i)\r\n     for(int j=0; j<n; ++j)\r\n     cin>>data[i][j];\r\n    for(int i=0; i<n; ++i)\r\n     for(int j=0; j<n; ++j)\r\n     cin>>flag[i][j];\r\n    for(int i=0; i<n; ++i)\r\n     for(int j=0; j<n; ++j)\r\n     out[i][j]=\'.\';\r\n    for(int i=0; i<n; ++i)\r\n     for(int j=0; j<n; ++j)\r\n     {\r\n        if(flag[i][j]==\'.\')\r\n        {\r\n         out[i][j]=\'.\';                  \r\n         continue;\r\n        }\r\n        if(flag[i][j]==\'x\')\r\n        {\r\n                 if(data[i][j]==\'*\')\r\n                    ss=true;\r\n                 count=0;\r\n                 for(int s=-1; s<=1; ++s)\r\n                  for(int t=-1; t<=1; ++t)\r\n                  {\r\n                          if(s==0&&t==0)\r\n                          continue;\r\n                          else\r\n                          {\r\n                              r=i+s;\r\n                              c=j+t;\r\n                              if(r>=0&&r<n&&c>=0&&c<n)\r\n                              {\r\n                                      if(data[r][c]==\'*\')\r\n                                      count++;\r\n                              }   \r\n                            }\r\n                 }\r\n                  out[i][j]=count+\'0\';\r\n        }\r\n     } \r\n     if(ss)\r\n     {\r\n         for(int i=0; i<n; ++i)\r\n         {\r\n           for(int j=0; j<n; ++j)\r\n           if(data[i][j]==\'*\')\r\n           out[i][j]=\'*\';\r\n         }\r\n     }  \r\n        for(int i=0; i<n; ++i)\r\n        {\r\n           for(int j=0; j<n; ++j)\r\n            cout<<out[i][j];\r\n            cout<<endl;\r\n        } \r\n    system(\"pause\");  \r\n}                                       \r\n    \r\n    \r\n</pre>',1,NULL,'2016-09-29 08:23:19.380000','2016-09-29 08:23:19.380000'),(270,'pku acm problem 3032','problem?id=3032','<pre>#include <iostream>\r\n#include <cstdlib>\r\nusing namespace std;\r\nint main()\r\n{\r\n    int data[13],i,j,n,t,k,r;\r\n    cin>>k;\r\n    while(k--)\r\n    {\r\n        cin>>n;\r\n        for(i=0;i<n;++i)\r\n           data[i]=0;\r\n         r=1;  i=0;\r\n          while(r<=n)\r\n          {\r\n             t=0;    \r\n            while(1)   \r\n            {\r\n              if(data[i]==0)\r\n              {\r\n                t++;\r\n                j=i;\r\n                if(t==r+1) break;\r\n                } \r\n                i++;\r\n               while(i>=n)\r\n                i=i-n;\r\n              } \r\n              data[j]=t-1;\r\n              r++;\r\n            }     \r\n          for(i=0;i<n;++i)\r\n             cout<<data[i]<<\' \';\r\n          cout<<endl;       \r\n    }\r\n    system(\"pause\");  \r\n}       \r\n          \r\n     \r\n</pre>',1,NULL,'2016-09-29 08:23:19.702000','2016-09-29 08:23:19.702000'),(271,'pku acm problem 3030','problem?id=3030','<pre>#include <iostream>\r\n#include <cstdlib>\r\nusing namespace std;\r\nint main()\r\n{\r\n    long n,r,e,c,t;\r\n    cin>>n;\r\n    while(n--)\r\n    {\r\n              cin>>r>>e>>c;\r\n              t=e-r-c;\r\n              if(t>0)\r\n               cout<<\"advertise\"<<endl;\r\n               if(t==0)\r\n               cout<<\"does not matter\"<<endl;\r\n               if(t<0)\r\n               cout<<\"do not advertise\"<<endl;\r\n    }\r\n    system(\"pause\");\r\n}           \r\n</pre>',1,NULL,'2016-09-29 08:23:20.035000','2016-09-29 08:23:20.035000'),(272,'pku acm problem 1979','problem?id=1979','<pre>#include <iostream>\r\nusing namespace std;\r\n\r\nconst int MAX=201;\r\n\r\nint map[MAX][MAX];\r\nint couter;\r\n	int w,h;\r\n	int x,y;\r\n	char t;\r\n\r\nvoid getnum(int i,int j){\r\n	map[i][j]=0;\r\n	couter++;\r\n	if(map[i-1][j]==1&&i>0){getnum(i-1,j);}\r\n	if(map[i+1][j]==1&&i<h){getnum(i+1,j);}\r\n	if(map[i][j-1]==1&&j>0){getnum(i,j-1);}\r\n	if(map[i][j+1]==1&&j<w){getnum(i,j+1);}\r\n	return ;\r\n}\r\n\r\nint main(){	\r\n	while((cin>>w>>h)&&w&&h){\r\n		for(int i=0;i<MAX;i++){for(int j=0;j<MAX;j++){map[i][j] = 0;}}\r\n		couter = 0;\r\n		x=y=0;\r\n		for(int i=0;i<h;i++){\r\n			for(int j=0;j<w;j++){\r\n				cin >> t;\r\n				if(t==\'.\'){map[i][j] = 1;}\r\n				if(t==\'#\'){map[i][j] = 0;}\r\n				if(t==\'@\'){map[i][j] = 1;y=i;x=j;}\r\n			}\r\n		}\r\n          getnum(y,x);\r\n		cout << couter << endl;\r\n	}	\r\n	return 1;\r\n}\r\n</pre>',1,NULL,'2016-09-29 08:23:20.358000','2016-09-29 08:23:20.358000'),(273,'pku acm problem 1401','problem?id=1401','<pre>#include <iostream>\r\n#include <cstdlib>\r\nusing namespace std;\r\nint main()\r\n{\r\n    long t,n,sum;\r\n    cin>>t;\r\n    while(t--)\r\n    {\r\n              cin>>n;\r\n              sum=0;\r\n              while(n/5)\r\n              {\r\n                        sum=sum+n/5;\r\n                        n=n/5;\r\n              }\r\n              cout<<sum<<endl;\r\n    }\r\n    system(\"pause\");\r\n}           \r\n                                 \r\n              \r\n</pre>',1,NULL,'2016-09-29 08:23:20.696000','2016-09-29 08:23:20.696000'),(274,'pku acm problem 2421','problem?id=2421','<pre>#include<iostream>\r\n#include<cmath>\r\nusing namespace std;\r\nint max_num=10101010;\r\nint map[110][110];\r\nint been[110];\r\nint main()\r\n{\r\n    int i,j,k;\r\n    int been_num=0;\r\n    for (i=0;i<110;++i)\r\n    {\r\n        for (k=0;k<110;++k)\r\n            map[i][k]=max_num;\r\n        been[i]=0;\r\n    }\r\n    int point_num;\r\n    cin>>point_num;\r\n    for (i=1;i<=point_num;++i)\r\n       for (k=1;k<=point_num;++k)\r\n        {\r\n            cin>>map[i][k];\r\n        }\r\n    int m1;\r\n    been[1]=1;\r\n    cin>>m1;\r\n    for (i=1;i<=m1;++i)\r\n    {\r\n        int f,t;\r\n        cin>>f>>t;\r\n        map[f][t]=0;\r\n        map[t][f]=0;\r\n    }\r\n    int cost=0;\r\n    while (been_num<point_num)\r\n    {   \r\n        int dis_now,f,t;\r\n        dis_now=121212121;\r\n        for (i=1;i<=point_num;++i)\r\n            if (been[i]==1)\r\n                for (k=1;k<=point_num;++k)\r\n                    if (i!=k && been[k]==0 && map[k][i]<=dis_now)\r\n                    {\r\n                        dis_now=map[k][i];\r\n                        f=i;\r\n                        t=k;\r\n                    }\r\n        if (dis_now!=121212121)\r\n        {\r\n            been[t]=1;\r\n            cost+=dis_now;\r\n            ++been_num; \r\n        }\r\n        else\r\n        break;\r\n    }\r\n    printf(\"%d\\n\",cost);\r\n   system(\"pause\");\r\n}\r\n</pre>',1,NULL,'2016-09-29 08:23:21.008000','2016-09-29 08:23:21.008000'),(275,'pku acm problem 2231','problem?id=2231','<pre>#include <iostream>\r\n#include <algorithm>\r\n#include <cstdio>\r\n#include <cstdlib>\r\n#include <cmath>\r\nusing namespace std;\r\nint main()\r\n{\r\n    long  long  data[10000],i,sum=0,j,n,m,value=0;\r\n    while(scanf(\"%d\",&n)!=EOF)\r\n    {\r\n      value=0;   sum=0;\r\n      for(i=0;i<n;++i)\r\n       cin>>data[i];\r\n      sort(data,data+n);\r\n       for(i=0;i<n;i++)\r\n        {\r\n            value+=data[i]-data[0];\r\n        }\r\n        sum=value;\r\n        for(i=1;i<n;i++)\r\n        {\r\n            value=value+(data[i]-data[i-1])*i-(data[i]-data[i-1])*(n-i);\r\n            sum+=value;\r\n        }\r\n      cout<<sum<<endl;\r\n      }\r\n      system(\"pause\");\r\n}   \r\n</pre>',1,NULL,'2016-09-29 08:23:21.347000','2016-09-29 08:23:21.347000'),(276,'pku acm problem 2234','problem?id=2234','<pre>#include<iostream>\r\nusing namespace std;\r\nint main()\r\n{\r\n int n,tmp,a;\r\n while(scanf(\"%d\",&n)!=EOF)\r\n {\r\n  scanf(\"%d\",&tmp);\r\n  if(n==1)\r\n  {\r\n   printf(\"Yes\\n\");\r\n   continue;\r\n  }\r\n  \r\n  while(--n)\r\n  {\r\n   scanf(\"%d\",&a);\r\n   tmp ^= a;\r\n  }\r\n  if(tmp)\r\n   printf(\"Yes\\n\");\r\n  else\r\n   printf(\"No\\n\");\r\n }\r\n    return 0;\r\n}\r\n \r\n     \r\n</pre>',1,NULL,'2016-09-29 08:23:21.675000','2016-09-29 08:23:21.675000'),(277,'pku acm problem 2140','problem?id=2140','<pre>#include \"stdio.h\"\r\nint main()\r\n{\r\n int n,i,j,k,count,sum;\r\n scanf(\"%d\",&n);\r\n count=0;\r\n  for(i=1;i<n/2+1;i++)\r\n  {\r\n     sum=0;k=i;\r\n     while(sum<=n)\r\n     {\r\n        if(sum==n)\r\n        {\r\n           count++;\r\n           break;\r\n         }\r\n         sum=sum+k;\r\n         k++;\r\n      }\r\n   }\r\n   printf(\"%d\\n\",count+1);        \r\n        \r\n}</pre>',1,NULL,'2016-09-29 08:23:21.999000','2016-09-29 08:23:21.999000'),(278,'pku acm problem 2533','problem?id=2533','<pre>#include \"stdio.h\"\r\n\r\nint main(void)\r\n{\r\n	int n,a[1001];\r\n      int c[1001]={0};\r\n	int i,j,temp,max;\r\n	scanf(\"%d\",&n);\r\n	for(i=1;i<=n;i++)\r\n		scanf(\"%d\",&a[i]);\r\n	c[1]=1;\r\n	for(i=2;i<=n;i++)\r\n	{\r\n		max=1;\r\n		for(j=i-1;j>=1;j--)\r\n		{\r\n			if (max>j+1) {\r\n				break;\r\n			}\r\n			if (a[i]>a[j]) {\r\n				temp=c[j]+1;\r\n				if (temp>max) {max=temp;\r\n				}\r\n			}\r\n		}\r\n		c[i]=max;\r\n	}\r\n	max=1;\r\n	for(i=1;i<=n;i++)\r\n	{\r\n		if (c[i]>max) {max=c[i];\r\n		}\r\n	}\r\n	printf(\"%d\\n\",max);\r\n}</pre>',1,NULL,'2016-09-29 08:23:22.326000','2016-09-29 08:23:22.326000'),(279,'pku acm problem 1651','problem?id=1651','<pre>#include \"stdio.h\"\r\n#include \"limits.h\"\r\nint main()\r\n{\r\n long n,i,j,l,k,in[105], min[105][105],out,q;\r\n scanf(\"%ld\",&n);\r\n scanf(\"%ld\",&in[0]);\r\n for(i=1;i<n;i++)\r\n scanf(\"%ld\",&in[i]);\r\n for(i=1;i<=n;i++)\r\n   min[i][i]=0;\r\n n=n-1;  \r\n   for(l=2;l<=n;l++)\r\n {\r\n    for(i=1;i<=n-l+1;i++)\r\n    {\r\n        j=i+l-1;\r\n        min[i][j]=LONG_MAX;\r\n        for(k=i;k<=j-1;k++)\r\n        {\r\n           q=min[i][k]+min[k+1][j]+in[i-1]*in[k]*in[j];\r\n           if(q<min[i][j])\r\n            min[i][j]=q;   \r\n         }   \r\n     }  \r\n     out=min[1][n];       \r\n  }  \r\n  printf(\"%ld\\n\",out);\r\n}          \r\n  </pre>',1,NULL,'2016-09-29 08:23:22.671000','2016-09-29 08:23:22.671000'),(280,'pku acm problem 1028','problem?id=1028','<pre>#include \"stdio.h\"\r\n#include \"string.h\"\r\nint main()\r\n{\r\n   char back[100][70],command[10],front[100][70];\r\n   int i,j;\r\n   strcpy(back[0],\"http://www.acm.org/\");\r\n   i=0;j=0;\r\n   while(1)\r\n   {\r\n      scanf(\"%s\",command);\r\n      if(strcmp(command,\"QUIT\")==0)\r\n      break;\r\n      if(strcmp(command,\"VISIT\")==0)\r\n      {\r\n         i++;\r\n         scanf(\"%s\",back[i]);\r\n         printf(\"%s\\n\",back[i]);\r\n         j=0;\r\n       }\r\n       if(strcmp(command,\"BACK\")==0)\r\n       {\r\n          if(i==0)\r\n          {\r\n           printf(\"Ignored\\n\");\r\n           continue;\r\n           }\r\n          strcpy(front[j],back[i]);\r\n          j++;\r\n          i--;\r\n          printf(\"%s\\n\",back[i]);\r\n        }\r\n        if(strcmp(command,\"FORWARD\")==0)\r\n        {\r\n           if(j==0)\r\n           {\r\n           printf(\"Ignored\\n\");\r\n           continue;\r\n           }\r\n           i++;\r\n           j--;\r\n           strcpy(back[i],front[j]);\r\n           printf(\"%s\\n\",back[i]);\r\n         }    \r\n          \r\n        }\r\n        return(0); \r\n}</pre>',1,NULL,'2016-09-29 08:23:23.010000','2016-09-29 08:23:23.011000'),(281,'pku acm problem 3302','problem?id=3302','<pre>#include <iostream>\r\n#include <string>\r\n#include <cstdlib>\r\nusing namespace std;\r\nint main() \r\n{\r\n    char st1[100],st2[100];\r\n    int t,i,j,p,q,s;\r\n    cin>>t;\r\n    while(t)\r\n    {\r\n            cin>>st1>>st2;\r\n            p=strlen(st1);\r\n            q=strlen(st2);\r\n            j=0;s=0;\r\n            for(i=0;i<p;++i)\r\n            {\r\n                if(st2[j]==st1[i])\r\n                 j++;    \r\n             } \r\n              if(j==q)\r\n                 {\r\n                         s=1;\r\n                    cout<<\"YES\"<<endl; \r\n                 }                \r\n             j=q-1;\r\n             for(i=0;i<p;i++)\r\n             {\r\n                    if(st2[j]==st1[i])\r\n                    j--;      \r\n              }\r\n                if(j==-1&&s==0)\r\n                    {\r\n                             s=1;\r\n                             cout<<\"YES\"<<endl;\r\n                             }  \r\n              if(s==0) \r\n              {\r\n                       cout<<\"NO\"<<endl;\r\n               }\r\n               t--;\r\n    }\r\n    system(\"pause\");\r\n} \r\n                                                                                    \r\n\r\n                                  \r\n             \r\n    \r\n    \r\n    \r\n    \r\n</pre>',1,NULL,'2016-09-29 08:23:23.344000','2016-09-29 08:23:23.344000'),(282,'pku acm problem 1975','problem?id=1975','<pre>#include <iostream>\r\n#include <cstdlib>\r\nusing namespace std;\r\n \r\nint main()\r\n{\r\n    int t,n,m,mid,bead;\r\n    int aa,bb,data[110][110];\r\n    int maxn,minn,count;\r\n    cin>>t;\r\n    while(t--)\r\n    {\r\n              cin>>n>>m;\r\n              bead=0;  count=0;\r\n              for(int i=1; i<=n; ++i)\r\n               for(int j=1; j<=n; ++j)\r\n               data[i][j]=0;\r\n              for(int i=1; i<=m; ++i)\r\n              {\r\n                   cin>>aa>>bb;\r\n                   data[aa][bb]=1;                      \r\n              }\r\n        	for(int  k = 1; k <= n; k++ ){\r\n		     	for(int  i = 1; i <= n; i++ ){\r\n				     for(int j = 1; j <= n; j++ ){	\r\n			       		data[i][j] += data[i][k]*data[k][j];\r\n					    if(data[i][j])\r\n						data[i][j]=1;\r\n				}\r\n			}\r\n      }\r\n              mid=(n+1)/2;\r\n              for(int i=1; i<=n; ++i)\r\n              {\r\n                       maxn=0; minn=0;\r\n                for(int j=1; j<=n; ++j)\r\n                {\r\n                        if(data[i][j])\r\n                        maxn++;\r\n                }\r\n                for(int j=1; j<=n; ++j)\r\n                {\r\n                        if(data[j][i])\r\n                        minn++;\r\n                }\r\n                if(maxn>=mid||minn>=mid)\r\n                count++;\r\n              }                                  \r\n              cout<<count<<endl;\r\n    }\r\n    system(\"pause\");\r\n}\r\n</pre>',1,NULL,'2016-09-29 08:23:23.679000','2016-09-29 08:23:23.679000'),(283,'pku acm problem 2109','problem?id=2109','<pre>#include \"stdio.h\"\r\n#include \"math.h\"\r\nint main()\r\n{\r\n    double n,p;\r\n    while(scanf(\"%lf%lf\",&n,&p)!=EOF)\r\n     printf(\"%.0lf\\n\",pow(p,1/n));\r\n}</pre>',1,NULL,'2016-09-29 08:23:24.002000','2016-09-29 08:23:24.002000'),(284,'pku acm problem 2105','problem?id=2105','<pre>#include<stdio.h>\r\n#include<string.h>\r\nint main()\r\n{\r\n    char str[10][35];\r\n    int a[4],b[]={128,64,32,16,8,4,2,1};\r\n    int n,i,j,k;\r\n    scanf(\"%d\",&n);\r\n    getchar();\r\n    for(i=0;i<n;i++)\r\n    {  \r\n       gets(str[i]);\r\n       for(k=0;k<4;k++)  a[k]=0;\r\n       for(j=0;j<8;j++)\r\n       {\r\n          if(str[i][j]==\'0\')  a[0]=a[0]+0;\r\n          else a[0]=a[0]+b[j];\r\n       }\r\n       for(j=8;j<16;j++)\r\n       {\r\n          if(str[i][j]==\'0\')  a[1]=a[1]+0;\r\n          else a[1]=a[1]+b[j-8];\r\n\r\n       }\r\n       for(j=16;j<24;j++)\r\n       {\r\n          if(str[i][j]==\'0\')  a[2]=a[2]+0;\r\n          else a[2]=a[2]+b[j-16];\r\n\r\n       }\r\n       for(j=24;j<32;j++)\r\n       {\r\n          if(str[i][j]==\'0\')  a[3]=a[3]+0;\r\n          else a[3]=a[3]+b[j-24];\r\n\r\n       }\r\n       \r\n       printf(\"%d.%d.%d.%d\\n\",a[0],a[1],a[2],a[3]);\r\n       \r\n    }\r\n   return 0;\r\n}</pre>',1,NULL,'2016-09-29 08:23:24.343000','2016-09-29 08:23:24.343000'),(285,'pku acm problem 2000','problem?id=2000','<pre>#include \"stdio.h\"\r\nint main()\r\n{ \r\n int a,i,j,sum;\r\n long n;\r\n while(1)\r\n {\r\n  scanf(\"%d\",&a);\r\n  if(a==0)\r\n  break;\r\n  sum=0;i=1;n=0;\r\n  while(sum<a)\r\n  {\r\n   sum=sum+i;\r\n   i++;\r\n   }\r\n   if(sum==a)\r\n   {\r\n    for(j=1;j<=i-1;j++)\r\n    n=j*j+n;\r\n   }\r\n    if(sum>a)\r\n    {\r\n     for(j=1;j<=i-1;j++)\r\n     n=j*j+n;\r\n     n=n-(sum-a)*(i-1);\r\n    }   \r\n    printf(\"%d %ld\\n\",a,n);\r\n    }\r\n}</pre>',1,NULL,'2016-09-29 08:23:24.669000','2016-09-29 08:23:24.669000'),(286,'pku acm problem 1455','problem?id=1455','<pre>#include \"stdio.h\"\r\nint main()\r\n{\r\n int n,num,time;\r\n scanf(\"%d\",&n);\r\n while(n>0)\r\n {\r\n    scanf(\"%d\",&num);\r\n    if(num%2==0)\r\n    {\r\n         time=(num/2-1)*(num/2)/2+(num/2-1)*(num/2)/2;\r\n         printf(\"%d\\n\",time);\r\n     }\r\n     else\r\n     {\r\n         time=(num/2+1)*(num/2)/2+(num/2-1)*(num/2)/2;\r\n         printf(\"%d\\n\",time);\r\n      }\r\n      n--;\r\n    }         \r\n          \r\n}</pre>',1,NULL,'2016-09-29 08:23:25.009000','2016-09-29 08:23:25.009000'),(287,'pku acm problem 2636','problem?id=2636','<pre>#include \"stdio.h\"\r\nint main()\r\n{\r\n int n,k,i,out[11];\r\n int sum;\r\n scanf(\"%d\",&n);\r\n while(n>0)\r\n {\r\n    sum=0;\r\n    for(i=0;i<11;i++)\r\n    out[i]=0;\r\n    scanf(\"%d\",&k);\r\n    out[0]=k;\r\n    for(i=1;i<k+1;i++)\r\n    {\r\n       scanf(\"%d\",&out[i]);\r\n       sum=sum+out[i]; \r\n     }\r\n     sum=sum-k+1;\r\n     printf(\"%d\\n\",sum);\r\n     n--;\r\n   }      \r\n}</pre>',1,NULL,'2016-09-29 08:23:25.335000','2016-09-29 08:23:25.335000'),(288,'pku acm problem 3627','problem?id=3627','<pre>#include <vector>\r\n#include <list>\r\n#include <map>\r\n#include <set>\r\n#include <deque>\r\n#include <stack>\r\n#include <bitset>\r\n#include <string>\r\n#include <functional>\r\n#include <fstream>\r\n#include <numeric>\r\n#include <utility>\r\n#include <sstream>\r\n#include <fstream>\r\n#include <iostream>\r\n#include <iomanip>\r\n#include <cstdio>\r\n#include <cmath>\r\n#include <cstdlib>\r\n#include <ctime>\r\n#include <algorithm>\r\n\r\nusing namespace std;\r\n\r\nbool cmp( int a, int b )\r\n{    \r\n     \r\n     return a>b;\r\n     \r\n}\r\n\r\nint main()\r\n{\r\n\r\nint   N, S, B, sum, temp;\r\n\r\nint  *data;\r\n \r\n   cin>> N >> B;\r\n   \r\n   sum = 0;  temp = 0;\r\n   \r\n   data = new int  [N+1];\r\n   \r\n   for(int  i=0; i < N; ++i)\r\n   \r\n     cin>>data[i];\r\n   \r\n      sort(data, data + N, cmp);\r\n   \r\n      for(int i=0; i < N; ++i){\r\n              \r\n              sum += data[i];\r\n              \r\n              if(sum >= B){\r\n                     \r\n                     temp = i+1;\r\n                     break;\r\n                     \r\n                     }\r\n              }\r\n   \r\n       cout << temp <<endl;\r\n   \r\n //  system(\"pause\");\r\n\r\n}\r\n\r\n</pre>',1,NULL,'2016-09-29 08:23:25.663000','2016-09-29 08:23:25.663000'),(289,'pku acm problem 1019','problem?id=1019','<pre>#include<iostream>\r\nusing namespace std; \r\n\r\nint main()\r\n{\r\n    int a[5]={0,45,9045,1395495,189414495};\r\n    int b[5]={0,9,189,2889,38889};\r\n    int c[5]={0,10,100,1000,10000};\r\n    int d[5]={1,10,100,1000,10000};\r\n    unsigned long i,j,k,n,t,m;\r\n    cin>>t;while(t--)\r\n    {\r\n        cin>>n;\r\n        for(i=1;i<5;i++)\r\n        if(n<=a[i])break;               \r\n        n-=a[i-1];\r\n        for(k=0,j=1;k<n;j++)\r\n            k=b[i-1]*j+i*j*(j+1)/2;       \r\n        --j;                           \r\n        n=n-b[i-1]*(j-1)-i*j*(j-1)/2;    \r\n        for(i=1;i<5;i++)\r\n        if(n<=b[i])break;                \r\n        if(i==1)cout<<n<<endl;\r\n        else                         \r\n        {\r\n            n-=b[i-1];                  \r\n            k=(n-1)/i+c[i-1];          \r\n            cout<<k/d[i-(n-1)%i-1]%10<<endl;\r\n        }\r\n    }  \r\n    return 0;\r\n}</pre>',1,NULL,'2016-09-29 08:23:25.996000','2016-09-29 08:23:25.996000'),(290,'pku acm problem 1051','problem?id=1051','<pre>#include <vector>\r\n#include <list>\r\n#include <map>\r\n#include <set>\r\n#include <deque>\r\n#include <stack>\r\n#include <bitset>\r\n#include <string>\r\n#include <functional>\r\n#include <fstream>\r\n#include <numeric>\r\n#include <utility>\r\n#include <sstream>\r\n#include <fstream>\r\n#include <iostream>\r\n#include <iomanip>\r\n#include <cstdio>\r\n#include <cmath>\r\n#include <cstdlib>\r\n#include <ctime>\r\n#include <algorithm>\r\n\r\n\r\nusing namespace std;\r\n\r\n\r\nchar a[34][9]={\".-\",\"-...\",\"-.-.\",\"-..\",\".\",\"..-.\",\"--.\",\"....\",\"..\",\".---\",\"-.-\",\".-..\",\r\n\r\n\"--\",\"-.\",\"---\",\".--.\",\"--.-\",\".-.\",\"...\",\"-\",\"..-\",\"...-\",\".--\",\"-..-\",\"-.--\",\"--..\",\"..--\",\".-.-\",\"---.\",\"----\"};\r\n\r\nint b[34]={2,4,4,3,1,4,3,4,2,4,3,4,2,2,3,4,4,3,3,1,3,4,3,4,4,4,4,4,4,4};\r\n\r\nint main()\r\n{\r\n    \r\nchar ch;\r\nstring ss,temp;\r\nmap<string,char> mapdata;\r\n\r\nfor(int i=0; i<26; ++i){\r\n\r\nch=\'A\'+i;\r\nmapdata.insert(pair<string,char>(a[i],ch));\r\n}\r\n\r\nch=\'_\';\r\nmapdata.insert(pair<string, char>(a[26],ch));\r\nch=\',\';\r\nmapdata.insert(pair<string, char>(a[27],ch));\r\nch=\'.\';\r\nmapdata.insert(pair<string, char>(a[28],ch));\r\nch=\'?\';\r\nmapdata.insert(pair<string, char>(a[29],ch));\r\n\r\n \r\nint len=mapdata.size();\r\nint len1,j,t,num[800],num2[800];\r\nint count=0;\r\n\r\ncin>>t;\r\n\r\ngetchar();\r\n\r\nwhile(t--)\r\n{\r\n      j=0; count++;   temp=\"\";\r\n       \r\n      memset(num,0,sizeof(num));\r\n\r\n      memset(num2,0,sizeof(num2));\r\n      \r\n      getline(cin,ss);\r\n      \r\n      for(int i=0; i<ss.size(); ++i){\r\n                 if(ss[i]==\'_\')\r\n\r\n       {\r\n              temp=temp+a[26];\r\n              num[j]=b[26];\r\n      }\r\n\r\n          else if(ss[i]==\',\')\r\n\r\n       {\r\n\r\n              temp=temp+a[27];\r\n\r\n              num[j]=b[27];\r\n\r\n       }\r\n           else if(ss[i]==\'.\')\r\n\r\n       {\r\n             temp=temp+a[28];\r\n              num[j]=b[28];\r\n       }\r\n              else if(ss[i]==\'?\')\r\n       {\r\n              temp=temp+a[29];\r\n              num[j]=b[29];\r\n\r\n       }\r\n              else if(isalpha(ss[i]))\r\n       {temp=temp+a[ss[i]-\'A\'];\r\n     num[j]=b[ss[i]-\'A\'];}\r\n       j++;\r\n     }\r\n     \r\nint len=ss.size()-1;\r\n\r\nfor(int i=0;i<=len;i++)\r\n\r\n{\r\n\r\n       num2[i]=num[len-i];\r\n\r\n}\r\n\r\n\r\nint k=0;\r\n\r\ncout<<count<<\": \";\r\n\r\n    for(int i= 0;i<=len; i++)\r\n\r\n{\r\n\r\n           cout<<mapdata[temp.substr(k,num2[i])];\r\n\r\n                 k=k+num2[i];\r\n\r\n}\r\n\r\n       cout<<endl;\r\n}\r\n//system(\"pause\");\r\n}\r\n\r\n    \r\n\r\n</pre>',1,NULL,'2016-09-29 08:23:26.348000','2016-09-29 08:23:26.348000'),(291,'pku acm problem 1050','problem?id=1050','<pre>#include <cstdio>\r\n#include <cstdlib>\r\nconst int maxint = 2147483647;\r\n\r\nint max(int n, int *a)\r\n{\r\n    int sum = -maxint, b = 0;\r\n    for (int i = 1; i <= n; i++)\r\n    {\r\n        if (b > 0)\r\n            b += a[i];\r\n        else\r\n            b = a[i];\r\n         if(sum<b)\r\n         sum=b;\r\n    }\r\n    return sum;\r\n}\r\n\r\nint a[101][101];\r\n\r\nint maxsum(int n)\r\n{\r\n    int sum = -maxint, *b = new int[n + 1];\r\n    for (int i = 1; i <= n; i++)\r\n    {\r\n        for (int j = 1; j <= n; j++)\r\n            b[j] = a[i][j];\r\n        if(max(n,b)>sum)\r\n             sum=max(n,b);\r\n\r\n        for (int j = i + 1; j <=n; j++)\r\n        {\r\n            for (int k = 1; k <= n; k++)\r\n                b[k] += a[j][k];\r\n            if(max(n,b)>sum)\r\n             sum=max(n,b);\r\n        }\r\n    }\r\n    return sum;\r\n}\r\nint main()\r\n{\r\n    int n;\r\n    scanf(\"%d\", &n);\r\n    for (int i = 1; i <= n; i++)\r\n        for (int j = 1; j <= n; j++)\r\n            scanf(\"%d\", &a[i][j]);\r\n    printf(\"%d\\n\", maxsum(n));\r\n    system(\"pause\");\r\n    return 0;\r\n}\r\n</pre>',1,NULL,'2016-09-29 08:23:26.703000','2016-09-29 08:23:26.703000'),(292,'pku acm problem 3094','problem?id=3094','<pre>#include <cstdio>\r\n#include <cstring>\r\n#include <cstdlib>\r\nusing namespace std;\r\nint main()\r\n{\r\n    int sum,n,i,t;\r\n    char xx[256];\r\n    while(1)\r\n    {\r\n            gets(xx);\r\n            if(strcmp(xx,\"#\")==0)  break;\r\n            sum=0;\r\n            n=strlen(xx);\r\n            for(i=0;i<n;++i)\r\n            {\r\n                    if(xx[i]!=\' \')\r\n                    {\r\n                                sum=sum+(xx[i]-\'A\'+1)*(i+1);\r\n                    }\r\n            }       \r\n            printf(\"%d\\n\",sum);\r\n    }\r\n}  \r\n                                         \r\n               \r\n</pre>',1,NULL,'2016-09-29 08:23:27.018000','2016-09-29 08:23:27.018000'),(293,'pku acm problem 2521','problem?id=2521','<pre>#include \"stdio.h\"\r\nint main()\r\n{\r\n long n,m,p,c;\r\n long lost;\r\n while(1)\r\n {\r\n    scanf(\"%ld%ld%ld%ld\",&n,&m,&p,&c);\r\n    if(n==0&&m==0&&p==0&&c==0)\r\n     break;\r\n    lost=n+c-(m+c-p);\r\n    printf(\"%ld\\n\",lost);\r\n  }     \r\n}</pre>',1,NULL,'2016-09-29 08:23:27.336000','2016-09-29 08:23:27.336000'),(294,'pku acm problem 2081','problem?id=2081','<pre>#include <iostream>\r\n#include <cstdlib>\r\nusing namespace std;\r\n\r\nint  data[500001],flag[3100001],i,k,t;\r\n\r\nint main()\r\n{\r\n    for(i=0; i<3100001; ++i)\r\n    flag[i]=0;     \r\n      data[0]=0; flag[0]=1;\r\n    for(i=1; i<500001; ++i)\r\n    {\r\n            if((data[i-1]-i)>0&&flag[data[i-1]-i]==0)\r\n             {\r\n                data[i]=data[i-1]-i;                    \r\n                flag[data[i]]=1;\r\n             }  \r\n             else\r\n             {\r\n                  data[i]=data[i-1]+i;\r\n                 flag[data[i]]=1;\r\n             }\r\n    }      \r\n    while(cin>>k&&k!=-1)\r\n    {\r\n    \r\n                         cout<<data[k]<<endl;\r\n    }\r\n    system(\"pause\");\r\n}\r\n</pre>',1,NULL,'2016-09-29 08:23:27.668000','2016-09-29 08:23:27.668000'),(295,'pku acm problem 2243','problem?id=2243','<pre>#include <iostream>\r\n#include <deque>\r\n#include <cstdio>\r\n#include <algorithm>\r\nusing namespace std;\r\nint main ()\r\n{\r\n    deque< int > values;\r\n    deque< int > balues;\r\n    int board[8][8],i,j,x,y;\r\n    const  int n=8;\r\n    char  fir[3],sec[3];\r\n    while(scanf(\"%s%s\",fir,sec)!=EOF)\r\n    {                     \r\n              for(i=0;i<n;++i)\r\n               for(j=0;j<n;++j)\r\n                board[i][j]=0;          \r\n                i=fir[0]-\'a\';\r\n                 j=fir[1]-\'1\';\r\n                board[i][j]=1;\r\n                x=sec[0]-\'a\';\r\n                 y=sec[1]-\'1\'; \r\n               values.push_back(i);\r\n               balues.push_back(j);\r\n              while(!values.empty()&&!balues.empty())\r\n              {\r\n                 i=values[0]; j=balues[0];\r\n                 if(i==x&&j==y)  break;\r\n                 values.pop_front();\r\n                 balues.pop_front();\r\n                 if(board[i-2][j-1]==0&&i>1&&j>0) \r\n                 {                            \r\n                    board[i-2][j-1]=board[i][j]+1;\r\n                    values.push_back(i-2);\r\n                     balues.push_back(j-1);\r\n                    }               \r\n                 if(board[i-2][j+1]==0&&i>1&&j<n-1)\r\n                 {                            \r\n                    board[i-2][j+1]=board[i][j]+1;\r\n                    values.push_back(i-2);\r\n                     balues.push_back(j+1);\r\n                    } \r\n                 if(board[i-1][j-2]==0&&i>0&&j>1)\r\n                 {                            \r\n                    board[i-1][j-2]=board[i][j]+1;\r\n                    values.push_back(i-1);\r\n                     balues.push_back(j-2);\r\n                    } \r\n                 if(board[i-1][j+2]==0&&i>0&&j<n-2)\r\n                 {                            \r\n                    board[i-1][j+2]=board[i][j]+1;\r\n                    values.push_back(i-1);\r\n                     balues.push_back(j+2);\r\n                    } \r\n                 if(board[i+1][j-2]==0&&i<n-1&&j>1)\r\n                 {                            \r\n                    board[i+1][j-2]=board[i][j]+1;\r\n                    values.push_back(i+1);\r\n                     balues.push_back(j-2);\r\n                    } \r\n                 if(board[i+1][j+2]==0&&i<n-1&&j<n-2)\r\n                 {                            \r\n                    board[i+1][j+2]=board[i][j]+1;\r\n                    values.push_back(i+1);\r\n                     balues.push_back(j+2);\r\n                    } \r\n                 if(board[i+2][j-1]==0&&i<n-2&&j>0)\r\n                 {                            \r\n                    board[i+2][j-1]=board[i][j]+1;\r\n                    values.push_back(i+2);\r\n                     balues.push_back(j-1);\r\n                    } \r\n                 if(board[i+2][j+1]==0&&i<n-2&&j<n-1)\r\n                 {                            \r\n                    board[i+2][j+1]=board[i][j]+1;\r\n                    values.push_back(i+2);\r\n                    balues.push_back(j+1);\r\n                    } \r\n              }         \r\n                values.clear(); \r\n                   balues.clear();\r\n         printf(\"To get from %s to %s takes %d knight moves.\\n\",fir,sec,board[i][j]-1);\r\n        \r\n    }      \r\n    system(\"pause\");\r\n} \r\n                 \r\n              \r\n              \r\n    \r\n    \r\n</pre>',1,NULL,'2016-09-29 08:23:27.969000','2016-09-29 08:23:27.969000'),(296,'pku acm problem 1182','problem?id=1182','<pre>#include <cstdio>\r\n#include <iostream>\r\n#include <cstdlib>\r\nusing namespace std;\r\n\r\n#define maxn 50004\r\n\r\nint  parent[maxn];\r\nint    relation[maxn];   \r\n int result[][3]={1 , -1 , 0, 0 , 1 , -1 , -1 , 0 , 1};\r\n int result2[][3]={0 , 1 , -1 , -1 , 0 , 1 , 1 , -1 , 0};\r\n int next[][3]={1 , -1 , 0 , -1 , 0 , 1 , 0 , 1 , -1};\r\n int behind[][3]={0 , -1 , 1 , 1 , 0 , -1 , -1 , 1 , 0};\r\n\r\n void find(int x,int &y,int &d)\r\n {\r\n    int z,r,now;\r\n	d=0;z=x;\r\n	 while (parent[x] > 0)\r\n	 { d = next[d+1][relation[x]+1];\r\n        x = parent[x];\r\n     }\r\n	 y = x; now = d;\r\n\r\n	  while (z !=y )\r\n	 { \r\n		  x = parent[z];\r\n        parent[z] = y;\r\n        r = relation[z];\r\n        relation[z] = now;\r\n        now = behind[now+1][r+1];\r\n        z = x;\r\n     } \r\n }\r\n\r\n void merge(int a,int b,int r)\r\n {\r\n   if(parent[a]>parent[b])\r\n     {\r\n	    parent[b] = parent[a] + parent[b];\r\n        parent[a] = b;\r\n        relation[a] = r;\r\n     }\r\n   else {\r\n          parent[a] = parent[a] + parent[b];\r\n        parent[b] = a;\r\n        relation[b] = -r;\r\n        }\r\n \r\n }\r\n\r\nint main()\r\n{\r\n	 int n , k , lie , i ;    \r\n     int x , y , a , b   ;  \r\n     int u , v , d , nr  ;\r\n	scanf(\"%d%d\",&n,&k);\r\n\r\n	for(i=1;i<=n;i++)\r\n	{\r\n	   parent[i] = -1;\r\n      relation[i] = 0;\r\n	}\r\n\r\n	lie=0;\r\n	for(i=1;i<=k;i++)\r\n	{\r\n	  scanf(\"%d%d%d\",&d,&x,&y);\r\n	  if(x>n||y>n)\r\n		{\r\n	      lie+=1;\r\n		  continue;\r\n	    }\r\n       find(x , a , u);\r\n       find(y , b , v);\r\n	   if(d==2)  nr = result[u+1][v+1];\r\n	   else  nr = result2[u+1][v+1];\r\n          if(a==b)\r\n		{\r\n		  if(nr!=0) \r\n			  lie+=1;\r\n		}\r\n\r\n		else   merge(a , b , nr);\r\n \r\n	}\r\n\r\n	  printf(\"%d\\n\",lie);	\r\n	  system(\"pause\");\r\n	return 0;\r\n}\r\n\r\n</pre>',1,NULL,'2016-09-29 08:23:28.279000','2016-09-29 08:23:28.279000'),(297,'pku acm problem 2833','problem?id=2833','<p>&nbsp; &nbsp;</p><pre>#include#include#include#includeusing&nbsp;namespace&nbsp;std;\r\n\r\nint&nbsp;main()\r\n{\r\n&nbsp;&nbsp;&nbsp;&nbsp;__int64&nbsp;sum,;\r\n&nbsp;&nbsp;&nbsp;&nbsp;long&nbsp;m,n,t,s;\r\n&nbsp;&nbsp;&nbsp;&nbsp;long&nbsp;min[15],max[15];\r\n&nbsp;&nbsp;&nbsp;&nbsp;long&nbsp;xiao,da,r,c,k;\r\n&nbsp;&nbsp;&nbsp;&nbsp;float&nbsp;&nbsp;average;\r\n&nbsp;&nbsp;&nbsp;&nbsp;while(1)\r\n&nbsp;&nbsp;&nbsp;&nbsp;{\r\n&nbsp;&nbsp;&nbsp;&nbsp;&nbsp;&nbsp;&nbsp;scanf(&quot;%ld%ld%ld&quot;,&amp;m,&amp;n,&amp;t);\r\n&nbsp;&nbsp;&nbsp;&nbsp;&nbsp;&nbsp;&nbsp;if(m==0&amp;&amp;n==0&amp;&amp;t==0)&nbsp;&nbsp;break;\r\n&nbsp;&nbsp;&nbsp;&nbsp;&nbsp;&nbsp;&nbsp;sum=0;&nbsp;average=0;&nbsp;\r\n&nbsp;&nbsp;&nbsp;&nbsp;&nbsp;&nbsp;&nbsp;for(int&nbsp;i=1;i&lt;=n;&nbsp;++i)\r\n&nbsp;&nbsp;&nbsp;&nbsp;&nbsp;&nbsp;&nbsp;{\r\n&nbsp;&nbsp;&nbsp;&nbsp;&nbsp;&nbsp;&nbsp;&nbsp;&nbsp;scanf(&quot;%ld&quot;,&amp;s);\r\n&nbsp;&nbsp;&nbsp;&nbsp;&nbsp;&nbsp;&nbsp;&nbsp;&nbsp;min[i]=s;\r\n&nbsp;&nbsp;&nbsp;&nbsp;&nbsp;&nbsp;&nbsp;&nbsp;&nbsp;sum=sum+s;\r\n&nbsp;&nbsp;&nbsp;&nbsp;&nbsp;&nbsp;&nbsp;}\r\n&nbsp;&nbsp;&nbsp;&nbsp;&nbsp;&nbsp;&nbsp;int&nbsp;j=1;&nbsp;\r\n&nbsp;&nbsp;&nbsp;&nbsp;&nbsp;&nbsp;&nbsp;for(int&nbsp;i=n+1;&nbsp;i&lt;=t;&nbsp;++i)\r\n&nbsp;&nbsp;&nbsp;&nbsp;&nbsp;&nbsp;&nbsp;{\r\n&nbsp;&nbsp;&nbsp;&nbsp;&nbsp;&nbsp;&nbsp;&nbsp;&nbsp;&nbsp;&nbsp;&nbsp;&nbsp;&nbsp;&nbsp;&nbsp;&nbsp;&nbsp;scanf(&quot;%ld&quot;,&amp;s);\r\n&nbsp;&nbsp;&nbsp;&nbsp;&nbsp;&nbsp;&nbsp;&nbsp;&nbsp;&nbsp;&nbsp;&nbsp;&nbsp;&nbsp;&nbsp;&nbsp;&nbsp;&nbsp;sum=sum+s;\r\n&nbsp;&nbsp;&nbsp;&nbsp;&nbsp;&nbsp;&nbsp;&nbsp;&nbsp;&nbsp;&nbsp;&nbsp;&nbsp;&nbsp;&nbsp;&nbsp;&nbsp;&nbsp;da=0;&nbsp;&nbsp;xiao=LONG_MAX;\r\n&nbsp;&nbsp;&nbsp;&nbsp;&nbsp;&nbsp;&nbsp;&nbsp;&nbsp;&nbsp;&nbsp;&nbsp;&nbsp;&nbsp;&nbsp;&nbsp;&nbsp;&nbsp;for(int&nbsp;j=1;&nbsp;jda)\r\n&nbsp;&nbsp;&nbsp;&nbsp;&nbsp;&nbsp;&nbsp;&nbsp;&nbsp;&nbsp;&nbsp;&nbsp;&nbsp;&nbsp;&nbsp;&nbsp;&nbsp;&nbsp;&nbsp;&nbsp;&nbsp;&nbsp;&nbsp;&nbsp;&nbsp;&nbsp;&nbsp;&nbsp;&nbsp;{\r\n&nbsp;&nbsp;&nbsp;&nbsp;&nbsp;&nbsp;&nbsp;&nbsp;&nbsp;&nbsp;&nbsp;&nbsp;&nbsp;&nbsp;&nbsp;&nbsp;&nbsp;&nbsp;&nbsp;&nbsp;&nbsp;&nbsp;&nbsp;&nbsp;&nbsp;&nbsp;&nbsp;&nbsp;&nbsp;&nbsp;&nbsp;&nbsp;da=min[j];\r\n&nbsp;&nbsp;&nbsp;&nbsp;&nbsp;&nbsp;&nbsp;&nbsp;&nbsp;&nbsp;&nbsp;&nbsp;&nbsp;&nbsp;&nbsp;&nbsp;&nbsp;&nbsp;&nbsp;&nbsp;&nbsp;&nbsp;&nbsp;&nbsp;&nbsp;&nbsp;&nbsp;&nbsp;&nbsp;&nbsp;&nbsp;&nbsp;&nbsp;&nbsp;r=j;\r\n&nbsp;&nbsp;&nbsp;&nbsp;&nbsp;&nbsp;&nbsp;&nbsp;&nbsp;&nbsp;&nbsp;&nbsp;&nbsp;&nbsp;&nbsp;&nbsp;&nbsp;&nbsp;&nbsp;&nbsp;&nbsp;&nbsp;&nbsp;&nbsp;&nbsp;&nbsp;&nbsp;&nbsp;&nbsp;}\r\n&nbsp;&nbsp;&nbsp;&nbsp;&nbsp;&nbsp;&nbsp;&nbsp;&nbsp;&nbsp;&nbsp;&nbsp;&nbsp;&nbsp;&nbsp;&nbsp;&nbsp;&nbsp;}&nbsp;\r\n&nbsp;&nbsp;&nbsp;&nbsp;&nbsp;&nbsp;&nbsp;&nbsp;&nbsp;&nbsp;&nbsp;&nbsp;&nbsp;&nbsp;&nbsp;&nbsp;&nbsp;&nbsp;if(s&lt;da)\r\n&nbsp;&nbsp;&nbsp;&nbsp;&nbsp;&nbsp;&nbsp;&nbsp;&nbsp;&nbsp;&nbsp;&nbsp;&nbsp;&nbsp;&nbsp;&nbsp;&nbsp;&nbsp;&nbsp;&nbsp;swap(min[r],s);\r\n&nbsp;&nbsp;&nbsp;&nbsp;&nbsp;&nbsp;&nbsp;&nbsp;&nbsp;&nbsp;&nbsp;&nbsp;&nbsp;&nbsp;&nbsp;&nbsp;&nbsp;&nbsp;&nbsp;if(j&lt;=m)\r\n&nbsp;&nbsp;&nbsp;&nbsp;&nbsp;&nbsp;&nbsp;&nbsp;&nbsp;&nbsp;&nbsp;&nbsp;&nbsp;&nbsp;&nbsp;&nbsp;&nbsp;&nbsp;&nbsp;{\r\n&nbsp;&nbsp;&nbsp;&nbsp;&nbsp;&nbsp;&nbsp;&nbsp;&nbsp;&nbsp;&nbsp;&nbsp;&nbsp;&nbsp;&nbsp;&nbsp;&nbsp;&nbsp;&nbsp;&nbsp;&nbsp;&nbsp;&nbsp;&nbsp;max[j]=s;\r\n&nbsp;&nbsp;&nbsp;&nbsp;&nbsp;&nbsp;&nbsp;&nbsp;&nbsp;&nbsp;&nbsp;&nbsp;&nbsp;&nbsp;&nbsp;&nbsp;&nbsp;&nbsp;&nbsp;&nbsp;&nbsp;&nbsp;&nbsp;&nbsp;j++;\r\n&nbsp;&nbsp;&nbsp;&nbsp;&nbsp;&nbsp;&nbsp;&nbsp;&nbsp;&nbsp;&nbsp;&nbsp;&nbsp;&nbsp;&nbsp;&nbsp;&nbsp;&nbsp;&nbsp;&nbsp;}\r\n&nbsp;&nbsp;&nbsp;&nbsp;&nbsp;&nbsp;&nbsp;&nbsp;&nbsp;&nbsp;&nbsp;&nbsp;&nbsp;&nbsp;&nbsp;&nbsp;&nbsp;&nbsp;&nbsp;&nbsp;else\r\n&nbsp;&nbsp;&nbsp;&nbsp;&nbsp;&nbsp;&nbsp;&nbsp;&nbsp;&nbsp;&nbsp;&nbsp;&nbsp;&nbsp;&nbsp;&nbsp;&nbsp;&nbsp;&nbsp;&nbsp;{\r\n&nbsp;&nbsp;&nbsp;&nbsp;&nbsp;&nbsp;&nbsp;&nbsp;&nbsp;&nbsp;&nbsp;&nbsp;&nbsp;&nbsp;&nbsp;&nbsp;&nbsp;&nbsp;&nbsp;&nbsp;&nbsp;&nbsp;&nbsp;&nbsp;&nbsp;for(int&nbsp;k=1;&nbsp;k&lt;=m;&nbsp;++k)\r\n&nbsp;&nbsp;&nbsp;&nbsp;&nbsp;&nbsp;&nbsp;&nbsp;&nbsp;&nbsp;&nbsp;&nbsp;&nbsp;&nbsp;&nbsp;&nbsp;&nbsp;&nbsp;&nbsp;&nbsp;&nbsp;&nbsp;&nbsp;&nbsp;&nbsp;{\r\n&nbsp;&nbsp;&nbsp;&nbsp;&nbsp;&nbsp;&nbsp;&nbsp;&nbsp;&nbsp;&nbsp;&nbsp;&nbsp;&nbsp;&nbsp;&nbsp;&nbsp;&nbsp;&nbsp;&nbsp;&nbsp;&nbsp;&nbsp;&nbsp;&nbsp;&nbsp;&nbsp;&nbsp;&nbsp;&nbsp;&nbsp;&nbsp;if(max[k]xiao)\r\n&nbsp;&nbsp;&nbsp;&nbsp;&nbsp;&nbsp;&nbsp;&nbsp;&nbsp;&nbsp;&nbsp;&nbsp;&nbsp;&nbsp;&nbsp;&nbsp;&nbsp;&nbsp;&nbsp;&nbsp;&nbsp;&nbsp;&nbsp;&nbsp;&nbsp;&nbsp;&nbsp;&nbsp;&nbsp;&nbsp;&nbsp;&nbsp;&nbsp;&nbsp;max[c]=s;&nbsp;&nbsp;\r\n&nbsp;&nbsp;&nbsp;&nbsp;&nbsp;&nbsp;&nbsp;&nbsp;&nbsp;&nbsp;&nbsp;&nbsp;&nbsp;&nbsp;&nbsp;&nbsp;&nbsp;&nbsp;&nbsp;&nbsp;}&nbsp;&nbsp;&nbsp;&nbsp;\r\n&nbsp;&nbsp;&nbsp;&nbsp;&nbsp;&nbsp;&nbsp;&nbsp;&nbsp;&nbsp;}&nbsp;&nbsp;&nbsp;&nbsp;&nbsp;\r\n&nbsp;&nbsp;&nbsp;&nbsp;&nbsp;&nbsp;&nbsp;&nbsp;&nbsp;&nbsp;for(int&nbsp;i=1;&nbsp;i&lt;=n;&nbsp;++i)\r\n&nbsp;&nbsp;&nbsp;&nbsp;&nbsp;&nbsp;&nbsp;&nbsp;&nbsp;&nbsp;&nbsp;&nbsp;&nbsp;sum=sum-min[i];\r\n&nbsp;&nbsp;&nbsp;&nbsp;&nbsp;&nbsp;&nbsp;&nbsp;&nbsp;&nbsp;for(int&nbsp;i=1;&nbsp;i&lt;=m;&nbsp;++i)\r\n&nbsp;&nbsp;&nbsp;&nbsp;&nbsp;&nbsp;&nbsp;&nbsp;&nbsp;&nbsp;&nbsp;&nbsp;sum=sum-max[i];&nbsp;&nbsp;\r\n&nbsp;&nbsp;&nbsp;&nbsp;&nbsp;&nbsp;&nbsp;&nbsp;&nbsp;average=(float)sum/(t-m-n);\r\n&nbsp;&nbsp;&nbsp;&nbsp;&nbsp;&nbsp;&nbsp;&nbsp;printf(&quot;%f\\n&quot;,average);&nbsp;\r\n&nbsp;&nbsp;&nbsp;&nbsp;}\r\n&nbsp;&nbsp;&nbsp;&nbsp;&nbsp;&nbsp;system(&quot;pause&quot;);\r\n}</pre><p></p>',1,NULL,'2016-09-29 08:23:28.595000','2016-09-30 15:36:23.778000'),(298,'pku acm problem 2136','problem?id=2136','<p>&nbsp; &nbsp;</p><pre>#include#include#includeusing&nbsp;namespace&nbsp;std;\r\nint&nbsp;main()\r\n{\r\n&nbsp;&nbsp;&nbsp;&nbsp;char&nbsp;alpha[26],show[100][26];\r\n&nbsp;&nbsp;&nbsp;&nbsp;&nbsp;char&nbsp;t;\r\n&nbsp;&nbsp;&nbsp;&nbsp;int&nbsp;count[26];\r\n&nbsp;&nbsp;&nbsp;&nbsp;int&nbsp;i,j,n,max;\r\n&nbsp;&nbsp;&nbsp;&nbsp;for(i=0;&nbsp;i&lt;26;&nbsp;++i)\r\n&nbsp;&nbsp;&nbsp;&nbsp;{\r\n&nbsp;&nbsp;&nbsp;&nbsp;&nbsp;&nbsp;&nbsp;&nbsp;alpha[i]=i+&#39;A&#39;;\r\n&nbsp;&nbsp;&nbsp;&nbsp;&nbsp;&nbsp;&nbsp;&nbsp;show[0][i]=alpha[i];\r\n&nbsp;&nbsp;&nbsp;&nbsp;}\r\n&nbsp;&nbsp;&nbsp;&nbsp;for(j=0;&nbsp;j&lt;26;&nbsp;++j)\r\n&nbsp;&nbsp;&nbsp;&nbsp;&nbsp;&nbsp;&nbsp;count[j]=0;&nbsp;&nbsp;&nbsp;&nbsp;\r\n&nbsp;&nbsp;&nbsp;&nbsp;&nbsp;&nbsp;&nbsp;&nbsp;n=4;&nbsp;&nbsp;&nbsp;max=0;&nbsp;&nbsp;\r\n&nbsp;&nbsp;&nbsp;&nbsp;while((t=getchar())!=EOF)\r\n&nbsp;&nbsp;&nbsp;&nbsp;{\r\n&nbsp;&nbsp;&nbsp;&nbsp;&nbsp;&nbsp;&nbsp;&nbsp;for(i=0;&nbsp;imax)\r\n&nbsp;&nbsp;&nbsp;&nbsp;&nbsp;&nbsp;&nbsp;&nbsp;&nbsp;&nbsp;&nbsp;&nbsp;&nbsp;&nbsp;&nbsp;&nbsp;&nbsp;max=count[i];\r\n&nbsp;&nbsp;&nbsp;&nbsp;&nbsp;&nbsp;&nbsp;&nbsp;}&nbsp;&nbsp;&nbsp;&nbsp;&nbsp;&nbsp;&nbsp;&nbsp;\r\n&nbsp;&nbsp;&nbsp;&nbsp;}\r\n&nbsp;&nbsp;&nbsp;&nbsp;for(i=1;&nbsp;i&lt;=max;&nbsp;++i)\r\n&nbsp;&nbsp;&nbsp;&nbsp;&nbsp;for(j=0;&nbsp;j0)\r\n&nbsp;&nbsp;&nbsp;&nbsp;&nbsp;&nbsp;&nbsp;&nbsp;&nbsp;&nbsp;&nbsp;&nbsp;&nbsp;&nbsp;{\r\n&nbsp;&nbsp;&nbsp;&nbsp;&nbsp;&nbsp;&nbsp;&nbsp;&nbsp;&nbsp;&nbsp;&nbsp;&nbsp;&nbsp;&nbsp;&nbsp;&nbsp;&nbsp;&nbsp;&nbsp;show[i][j]=&#39;*&#39;;\r\n&nbsp;&nbsp;&nbsp;&nbsp;&nbsp;&nbsp;&nbsp;&nbsp;&nbsp;&nbsp;&nbsp;&nbsp;&nbsp;&nbsp;&nbsp;&nbsp;&nbsp;&nbsp;&nbsp;&nbsp;count[j]--;\r\n&nbsp;&nbsp;&nbsp;&nbsp;&nbsp;&nbsp;&nbsp;&nbsp;&nbsp;&nbsp;&nbsp;&nbsp;&nbsp;&nbsp;}\r\n&nbsp;&nbsp;&nbsp;&nbsp;&nbsp;&nbsp;&nbsp;&nbsp;&nbsp;&nbsp;&nbsp;&nbsp;&nbsp;&nbsp;else&nbsp;\r\n&nbsp;&nbsp;&nbsp;&nbsp;&nbsp;&nbsp;&nbsp;&nbsp;&nbsp;&nbsp;&nbsp;&nbsp;&nbsp;&nbsp;&nbsp;&nbsp;show[i][j]=&#39;&nbsp;&#39;;&nbsp;&nbsp;&nbsp;&nbsp;&nbsp;&nbsp;&nbsp;&nbsp;&nbsp;&nbsp;&nbsp;&nbsp;&nbsp;\r\n&nbsp;&nbsp;&nbsp;&nbsp;&nbsp;}\r\n&nbsp;&nbsp;&nbsp;&nbsp;&nbsp;for(i=max;&nbsp;i&gt;=0;&nbsp;--i)\r\n&nbsp;&nbsp;&nbsp;&nbsp;&nbsp;{\r\n&nbsp;&nbsp;&nbsp;&nbsp;&nbsp;&nbsp;&nbsp;&nbsp;&nbsp;&nbsp;&nbsp;for(j=0;&nbsp;j&lt;26;&nbsp;++j)\r\n&nbsp;&nbsp;&nbsp;&nbsp;&nbsp;&nbsp;&nbsp;&nbsp;&nbsp;&nbsp;&nbsp;&nbsp;&nbsp;cout&lt;&lt;show[i][j]&lt;&lt;&#39;&nbsp;&#39;;\r\n&nbsp;&nbsp;&nbsp;&nbsp;&nbsp;&nbsp;&nbsp;&nbsp;&nbsp;&nbsp;&nbsp;cout&lt;&lt;endl;\r\n&nbsp;&nbsp;&nbsp;&nbsp;&nbsp;}&nbsp;&nbsp;&nbsp;&nbsp;&nbsp;&nbsp;&nbsp;&nbsp;&nbsp;&nbsp;&nbsp;&nbsp;&nbsp;&nbsp;&nbsp;&nbsp;&nbsp;&nbsp;&nbsp;&nbsp;&nbsp;&nbsp;&nbsp;&nbsp;&nbsp;\r\n&nbsp;&nbsp;&nbsp;&nbsp;&nbsp;system(&quot;pause&quot;);\r\n}</pre><p></p>',1,NULL,'2016-09-29 08:23:28.930000','2016-09-30 14:28:48.389000'),(299,'体育新闻_1','article_1','新闻详细内容： 体育新闻 1',1,NULL,'2016-10-10 13:42:51.067000','2016-10-10 13:42:51.067000'),(300,'体育新闻_9','article_9','新闻详细内容： 体育新闻 9',1,NULL,'2016-10-10 13:42:51.227000','2016-10-10 13:42:51.227000'),(301,'体育新闻_10','article_10','新闻详细内容： 体育新闻 10',1,NULL,'2016-10-10 13:42:51.279000','2016-10-10 13:42:51.279000'),(302,'体育新闻_11','article_11','新闻详细内容： 体育新闻 11',1,NULL,'2016-10-10 13:42:51.329000','2016-10-10 13:42:51.329000'),(303,'体育新闻_12','article_12','新闻详细内容： 体育新闻 12',1,NULL,'2016-10-10 13:42:51.379000','2016-10-10 13:42:51.379000'),(304,'体育新闻_13','article_13','新闻详细内容： 体育新闻 13',1,NULL,'2016-10-10 13:42:51.438000','2016-10-10 13:42:51.438000'),(305,'体育新闻_14','article_14','新闻详细内容： 体育新闻 14',1,NULL,'2016-10-10 13:42:51.488000','2016-10-10 13:42:51.488000'),(306,'体育新闻_15','article_15','新闻详细内容： 体育新闻 15',1,NULL,'2016-10-10 13:42:51.537000','2016-10-10 13:42:51.537000'),(307,'体育新闻_16','article_16','新闻详细内容： 体育新闻 16',1,NULL,'2016-10-10 13:42:51.600000','2016-10-10 13:42:51.600000'),(308,'体育新闻_17','article_17','新闻详细内容： 体育新闻 17',1,NULL,'2016-10-10 13:42:51.664000','2016-10-10 13:42:51.664000'),(309,'体育新闻_18','article_18','新闻详细内容： 体育新闻 18',1,NULL,'2016-10-10 13:42:51.714000','2016-10-10 13:42:51.714000'),(310,'体育新闻_19','article_19','新闻详细内容： 体育新闻 19',1,NULL,'2016-10-10 13:42:51.763000','2016-10-10 13:42:51.763000'),(311,'体育新闻_20','article_20','新闻详细内容： 体育新闻 20',1,NULL,'2016-10-10 13:42:51.812000','2016-10-10 13:42:51.812000'),(312,'体育新闻_21','article_21','新闻详细内容： 体育新闻 21',1,NULL,'2016-10-10 13:42:51.871000','2016-10-10 13:42:51.871000'),(313,'体育新闻_22','article_22','新闻详细内容： 体育新闻 22',1,NULL,'2016-10-10 13:42:51.921000','2016-10-10 13:42:51.921000'),(314,'体育新闻_23','article_23','新闻详细内容： 体育新闻 23',1,NULL,'2016-10-10 13:42:51.971000','2016-10-10 13:42:51.971000'),(315,'体育新闻_24','article_24','新闻详细内容： 体育新闻 24',1,NULL,'2016-10-10 13:42:52.021000','2016-10-10 13:42:52.021000'),(316,'体育新闻_25','article_25','新闻详细内容： 体育新闻 25',1,NULL,'2016-10-10 13:42:52.079000','2016-10-10 13:42:52.079000'),(317,'体育新闻_26','article_26','新闻详细内容： 体育新闻 26',1,NULL,'2016-10-10 13:42:52.147000','2016-10-10 13:42:52.147000'),(318,'体育新闻_27','article_27','新闻详细内容： 体育新闻 27',1,NULL,'2016-10-10 13:42:52.197000','2016-10-10 13:42:52.197000'),(319,'体育新闻_28','article_28','新闻详细内容： 体育新闻 28',1,NULL,'2016-10-10 13:42:52.247000','2016-10-10 13:42:52.247000'),(320,'体育新闻_29','article_29','新闻详细内容： 体育新闻 29',1,NULL,'2016-10-10 13:42:52.305000','2016-10-10 13:42:52.305000'),(321,'体育新闻_30','article_30','新闻详细内容： 体育新闻 30',1,NULL,'2016-10-10 13:42:52.421000','2016-10-10 13:42:52.421000'),(322,'社会新闻_11','article_11','新闻详细内容： 社会新闻 11',1,NULL,'2016-10-10 13:42:52.542000','2016-10-10 13:42:52.542000'),(323,'社会新闻_12','article_12','新闻详细内容： 社会新闻 12',1,NULL,'2016-10-10 13:42:52.612000','2016-10-10 13:42:52.612000'),(324,'社会新闻_13','article_13','新闻详细内容： 社会新闻 13',1,NULL,'2016-10-10 13:42:52.662000','2016-10-10 13:42:52.662000'),(325,'社会新闻_14','article_14','新闻详细内容： 社会新闻 14',1,NULL,'2016-10-10 13:42:52.714000','2016-10-10 13:42:52.714000'),(326,'社会新闻_15','article_15','新闻详细内容： 社会新闻 15',1,NULL,'2016-10-10 13:42:52.764000','2016-10-10 13:42:52.764000'),(327,'社会新闻_16','article_16','新闻详细内容： 社会新闻 16',1,NULL,'2016-10-10 13:42:52.814000','2016-10-10 13:42:52.815000'),(328,'社会新闻_17','article_17','新闻详细内容： 社会新闻 17',1,NULL,'2016-10-10 13:42:52.863000','2016-10-10 13:42:52.863000'),(329,'社会新闻_18','article_18','新闻详细内容： 社会新闻 18',1,NULL,'2016-10-10 13:42:52.913000','2016-10-10 13:42:52.913000'),(330,'社会新闻_19','article_19','新闻详细内容： 社会新闻 19',1,NULL,'2016-10-10 13:42:52.971000','2016-10-10 13:42:52.971000'),(331,'社会新闻_20','article_20','新闻详细内容： 社会新闻 20',1,NULL,'2016-10-10 13:42:53.021000','2016-10-10 13:42:53.021000'),(332,'社会新闻_21','article_21','新闻详细内容： 社会新闻 21',1,NULL,'2016-10-10 13:42:53.071000','2016-10-10 13:42:53.071000'),(333,'社会新闻_22','article_22','新闻详细内容： 社会新闻 22',1,NULL,'2016-10-10 13:42:53.121000','2016-10-10 13:42:53.121000'),(334,'社会新闻_23','article_23','新闻详细内容： 社会新闻 23',1,NULL,'2016-10-10 13:42:53.179000','2016-10-10 13:42:53.179000'),(335,'社会新闻_24','article_24','新闻详细内容： 社会新闻 24',1,NULL,'2016-10-10 13:42:53.229000','2016-10-10 13:42:53.229000'),(336,'社会新闻_25','article_25','新闻详细内容： 社会新闻 25',1,NULL,'2016-10-10 13:42:53.283000','2016-10-10 13:42:53.283000'),(337,'社会新闻_26','article_26','新闻详细内容： 社会新闻 26',1,NULL,'2016-10-10 13:42:53.337000','2016-10-10 13:42:53.337000'),(338,'社会新闻_27','article_27','新闻详细内容： 社会新闻 27',1,NULL,'2016-10-10 13:42:53.390000','2016-10-10 13:42:53.390000'),(339,'社会新闻_28','article_28','新闻详细内容： 社会新闻 28',1,NULL,'2016-10-10 13:42:53.438000','2016-10-10 13:42:53.438000'),(340,'社会新闻_29','article_29','新闻详细内容： 社会新闻 29',1,NULL,'2016-10-10 13:42:53.487000','2016-10-10 13:42:53.487000'),(341,'社会新闻_30','article_30','新闻详细内容： 社会新闻 30',1,NULL,'2016-10-10 13:42:53.537000','2016-10-10 13:42:53.537000'),(342,'科技新闻_7','article_7','新闻详细内容： 科技新闻 7',1,NULL,'2016-10-10 13:42:53.608000','2016-10-10 13:42:53.608000'),(343,'科技新闻_10','article_10','新闻详细内容： 科技新闻 10',1,NULL,'2016-10-10 13:42:53.660000','2016-10-10 13:42:53.660000'),(344,'科技新闻_11','article_11','新闻详细内容： 科技新闻 11',1,NULL,'2016-10-10 13:42:53.712000','2016-10-10 13:42:53.712000'),(345,'科技新闻_12','article_12','新闻详细内容： 科技新闻 12',1,NULL,'2016-10-10 13:42:53.762000','2016-10-10 13:42:53.762000'),(346,'科技新闻_13','article_13','新闻详细内容： 科技新闻 13',1,NULL,'2016-10-10 13:42:53.823000','2016-10-10 13:42:53.823000'),(347,'科技新闻_14','article_14','新闻详细内容： 科技新闻 14',1,NULL,'2016-10-10 13:42:53.897000','2016-10-10 13:42:53.897000'),(348,'科技新闻_15','article_15','新闻详细内容： 科技新闻 15',1,NULL,'2016-10-10 13:42:53.946000','2016-10-10 13:42:53.946000'),(349,'科技新闻_16','article_16','新闻详细内容： 科技新闻 16',1,NULL,'2016-10-10 13:42:53.996000','2016-10-10 13:42:53.996000'),(350,'科技新闻_17','article_17','新闻详细内容： 科技新闻 17',1,NULL,'2016-10-10 13:42:54.045000','2016-10-10 13:42:54.045000'),(351,'科技新闻_18','article_18','新闻详细内容： 科技新闻 18',1,NULL,'2016-10-10 13:42:54.096000','2016-10-10 13:42:54.096000'),(352,'科技新闻_19','article_19','新闻详细内容： 科技新闻 19',1,NULL,'2016-10-10 13:42:54.154000','2016-10-10 13:42:54.154000'),(353,'科技新闻_20','article_20','新闻详细内容： 科技新闻 20',1,NULL,'2016-10-10 13:42:54.204000','2016-10-10 13:42:54.204000'),(354,'科技新闻_21','article_21','新闻详细内容： 科技新闻 21',1,NULL,'2016-10-10 13:42:54.254000','2016-10-10 13:42:54.254000'),(355,'科技新闻_22','article_22','新闻详细内容： 科技新闻 22',1,NULL,'2016-10-10 13:42:54.304000','2016-10-10 13:42:54.304000'),(356,'科技新闻_23','article_23','新闻详细内容： 科技新闻 23',1,NULL,'2016-10-10 13:42:54.362000','2016-10-10 13:42:54.362000'),(357,'科技新闻_24','article_24','新闻详细内容： 科技新闻 24',1,NULL,'2016-10-10 13:42:54.414000','2016-10-10 13:42:54.414000'),(358,'科技新闻_25','article_25','新闻详细内容： 科技新闻 25',1,NULL,'2016-10-10 13:42:54.464000','2016-10-10 13:42:54.464000'),(359,'科技新闻_26','article_26','新闻详细内容： 科技新闻 26',1,NULL,'2016-10-10 13:42:54.516000','2016-10-10 13:42:54.516000'),(360,'科技新闻_27','article_27','新闻详细内容： 科技新闻 27',1,NULL,'2016-10-10 13:42:54.573000','2016-10-10 13:42:54.573000'),(361,'科技新闻_28','article_28','新闻详细内容： 科技新闻 28',1,NULL,'2016-10-10 13:42:54.622000','2016-10-10 13:42:54.622000'),(362,'科技新闻_29','article_29','新闻详细内容： 科技新闻 29',1,NULL,'2016-10-10 13:42:54.672000','2016-10-10 13:42:54.672000'),(363,'科技新闻_30','article_30','新闻详细内容： 科技新闻 30',1,NULL,'2016-10-10 13:42:54.722000','2016-10-10 13:42:54.722000'),(364,'测试图片上传博文','Article_testPictureUpload','<p>Article_testPictureUpload</p><p><br/></p><p><img src=\"/media/images/裁减头像_20161011131020.png\" alt=\"裁减头像.png\"/></p><p><br/></p><p><video class=\"edui-upload-video  vjs-default-skin      video-js\" controls=\"\" preload=\"none\" width=\"420\" height=\"280\" src=\"/media/QQ视频20160908102430_20161011145537_438.mp4\" data-setup=\"{}\"><source src=\"/media/QQ视频20160908102430_20161011145537_438.mp4\" type=\"video/mp4\"/></video></p><p><br/></p><p><video class=\"edui-upload-video  vjs-default-skin  video-js\" controls=\"\" preload=\"none\" width=\"420\" height=\"280\" src=\"/media/01 第一式 墙壁俯卧撑   俯卧撑_20161011153322_786.mp4\" data-setup=\"{}\"><source src=\"/media/01 第一式 墙壁俯卧撑   俯卧撑_20161011153322_786.mp4\" type=\"video/mp4\"/></video></p>',1,1,'2016-10-11 13:10:51.868000','2016-10-11 16:28:38.396000'),(365,'体育新闻_41','article_41','新闻详细内容： 体育新闻 41',1,NULL,'2016-11-08 13:24:11.104000','2016-11-08 13:24:11.104000'),(366,'体育新闻_42','article_42','新闻详细内容： 体育新闻 42',1,NULL,'2016-11-08 13:24:11.173000','2016-11-08 13:24:11.173000'),(367,'体育新闻_43','article_43','新闻详细内容： 体育新闻 43',1,NULL,'2016-11-08 13:24:11.223000','2016-11-08 13:24:11.223000'),(368,'体育新闻_44','article_44','新闻详细内容： 体育新闻 44',1,NULL,'2016-11-08 13:24:11.272000','2016-11-08 13:24:11.273000'),(369,'体育新闻_45','article_45','新闻详细内容： 体育新闻 45',1,NULL,'2016-11-08 13:24:11.323000','2016-11-08 13:24:11.323000'),(370,'体育新闻_46','article_46','新闻详细内容： 体育新闻 46',1,NULL,'2016-11-08 13:24:11.381000','2016-11-08 13:24:11.381000'),(371,'体育新闻_47','article_47','新闻详细内容： 体育新闻 47',1,NULL,'2016-11-08 13:24:11.431000','2016-11-08 13:24:11.431000'),(372,'体育新闻_48','article_48','新闻详细内容： 体育新闻 48',1,NULL,'2016-11-08 13:24:11.481000','2016-11-08 13:24:11.481000'),(373,'体育新闻_49','article_49','新闻详细内容： 体育新闻 49',1,NULL,'2016-11-08 13:24:11.531000','2016-11-08 13:24:11.531000'),(374,'体育新闻_50','article_50','新闻详细内容： 体育新闻 50',1,NULL,'2016-11-08 13:24:11.589000','2016-11-08 13:24:11.589000'),(375,'社会新闻_41','article_41','新闻详细内容： 社会新闻 41',1,NULL,'2016-11-08 13:24:11.640000','2016-11-08 13:24:11.640000'),(376,'社会新闻_42','article_42','新闻详细内容： 社会新闻 42',1,NULL,'2016-11-08 13:24:11.689000','2016-11-08 13:24:11.689000'),(377,'社会新闻_43','article_43','新闻详细内容： 社会新闻 43',1,NULL,'2016-11-08 13:24:11.739000','2016-11-08 13:24:11.739000'),(378,'社会新闻_44','article_44','新闻详细内容： 社会新闻 44',1,NULL,'2016-11-08 13:24:11.798000','2016-11-08 13:24:11.798000'),(379,'社会新闻_45','article_45','新闻详细内容： 社会新闻 45',1,NULL,'2016-11-08 13:24:11.848000','2016-11-08 13:24:11.848000'),(380,'社会新闻_46','article_46','新闻详细内容： 社会新闻 46',1,NULL,'2016-11-08 13:24:11.898000','2016-11-08 13:24:11.898000'),(381,'社会新闻_47','article_47','新闻详细内容： 社会新闻 47',1,NULL,'2016-11-08 13:24:11.952000','2016-11-08 13:24:11.952000'),(382,'社会新闻_48','article_48','新闻详细内容： 社会新闻 48',1,NULL,'2016-11-08 13:24:12.006000','2016-11-08 13:24:12.006000'),(383,'社会新闻_49','article_49','新闻详细内容： 社会新闻 49',1,NULL,'2016-11-08 13:24:12.072000','2016-11-08 13:24:12.072000'),(384,'社会新闻_50','article_50','新闻详细内容： 社会新闻 50',1,NULL,'2016-11-08 13:24:12.122000','2016-11-08 13:24:12.122000'),(385,'科技新闻_41','article_41','新闻详细内容： 科技新闻 41',1,NULL,'2016-11-08 13:24:12.173000','2016-11-08 13:24:12.173000'),(386,'科技新闻_42','article_42','新闻详细内容： 科技新闻 42',1,NULL,'2016-11-08 13:24:12.223000','2016-11-08 13:24:12.223000'),(387,'科技新闻_43','article_43','新闻详细内容： 科技新闻 43',1,NULL,'2016-11-08 13:24:12.273000','2016-11-08 13:24:12.273000'),(388,'科技新闻_44','article_44','新闻详细内容： 科技新闻 44',1,NULL,'2016-11-08 13:24:12.323000','2016-11-08 13:24:12.323000'),(389,'科技新闻_45','article_45','新闻详细内容： 科技新闻 45',1,NULL,'2016-11-08 13:24:12.373000','2016-11-08 13:24:12.373000'),(390,'科技新闻_46','article_46','新闻详细内容： 科技新闻 46',1,NULL,'2016-11-08 13:24:12.431000','2016-11-08 13:24:12.431000'),(391,'科技新闻_47','article_47','新闻详细内容： 科技新闻 47',1,NULL,'2016-11-08 13:24:12.481000','2016-11-08 13:24:12.481000'),(392,'科技新闻_48','article_48','新闻详细内容： 科技新闻 48',1,NULL,'2016-11-08 13:24:12.531000','2016-11-08 13:24:12.531000'),(393,'科技新闻_49','article_49','新闻详细内容： 科技新闻 49',1,NULL,'2016-11-08 13:24:12.585000','2016-11-08 13:24:12.585000'),(394,'科技新闻_50','article_50','新闻详细内容： 科技新闻 50',1,NULL,'2016-11-08 13:24:12.718000','2016-11-08 13:24:12.719000');
/*!40000 ALTER TABLE `website_article` ENABLE KEYS */;
UNLOCK TABLES;

--
-- Table structure for table `website_article_column`
--

DROP TABLE IF EXISTS `website_article_column`;
/*!40101 SET @saved_cs_client     = @@character_set_client */;
/*!40101 SET character_set_client = utf8 */;
CREATE TABLE `website_article_column` (
  `id` int(11) NOT NULL AUTO_INCREMENT,
  `article_id` int(11) NOT NULL,
  `column_id` int(11) NOT NULL,
  PRIMARY KEY (`id`),
  UNIQUE KEY `article_id` (`article_id`,`column_id`),
  KEY `website_article_column_column_id_373cdcd_fk_website_column_id` (`column_id`),
  CONSTRAINT `website_article_column_article_id_2205d980_fk_website_article_id` FOREIGN KEY (`article_id`) REFERENCES `website_article` (`id`),
  CONSTRAINT `website_article_column_column_id_373cdcd_fk_website_column_id` FOREIGN KEY (`column_id`) REFERENCES `website_column` (`id`)
) ENGINE=InnoDB AUTO_INCREMENT=433 DEFAULT CHARSET=utf8;
/*!40101 SET character_set_client = @saved_cs_client */;

--
-- Dumping data for table `website_article_column`
--

LOCK TABLES `website_article_column` WRITE;
/*!40000 ALTER TABLE `website_article_column` DISABLE KEYS */;
INSERT INTO `website_article_column` VALUES (55,1,2),(2,2,2),(3,3,2),(4,4,2),(5,5,2),(6,6,2),(7,7,2),(8,8,2),(52,9,2),(54,10,2),(11,11,3),(12,12,3),(13,13,3),(14,14,3),(15,15,3),(16,16,3),(17,17,3),(18,18,3),(19,19,3),(20,20,3),(21,21,4),(22,22,4),(23,23,4),(24,24,4),(25,25,4),(26,26,4),(53,27,4),(28,28,4),(29,29,4),(36,30,4),(50,32,6),(48,33,10),(59,34,9),(60,35,2),(61,36,2),(62,37,2),(63,38,2),(64,39,2),(65,40,2),(66,41,2),(67,42,2),(68,43,2),(69,44,2),(70,45,3),(71,46,3),(72,47,3),(73,48,3),(74,49,3),(75,50,3),(76,51,3),(77,52,3),(78,53,3),(79,54,3),(80,55,4),(81,56,4),(82,57,4),(83,58,4),(84,59,4),(85,60,4),(86,61,4),(87,62,4),(88,63,4),(89,64,4),(207,182,10),(208,183,10),(209,184,10),(210,185,10),(211,186,10),(212,187,10),(213,188,10),(214,189,10),(215,190,10),(216,191,10),(217,192,10),(218,193,10),(219,194,10),(220,195,10),(221,196,10),(222,197,10),(223,198,10),(224,199,10),(225,200,10),(226,201,10),(227,202,10),(228,203,10),(229,204,10),(230,205,10),(231,206,10),(232,207,10),(233,208,10),(234,209,10),(235,210,10),(236,211,10),(237,212,10),(238,213,10),(239,214,10),(240,215,10),(241,216,10),(242,217,10),(243,218,10),(244,219,10),(245,220,10),(246,221,10),(247,222,10),(248,223,10),(249,224,10),(250,225,10),(251,226,10),(252,227,10),(253,228,10),(254,229,10),(255,230,10),(256,231,10),(257,232,10),(258,233,10),(259,234,10),(260,235,10),(261,236,10),(262,237,10),(263,238,10),(264,239,10),(265,240,10),(266,241,10),(267,242,10),(268,243,10),(269,244,10),(270,245,10),(271,246,10),(272,247,10),(273,248,10),(274,249,10),(275,250,10),(276,251,10),(277,252,10),(278,253,10),(279,254,10),(280,255,10),(281,256,10),(282,257,10),(283,258,10),(284,259,10),(285,260,10),(286,261,10),(287,262,10),(288,263,10),(289,264,10),(290,265,10),(291,266,10),(292,267,10),(293,268,10),(294,269,10),(295,270,10),(296,271,10),(297,272,10),(298,273,10),(299,274,10),(300,275,10),(301,276,10),(302,277,10),(303,278,10),(304,279,10),(305,280,10),(306,281,10),(307,282,10),(308,283,10),(309,284,10),(310,285,10),(311,286,10),(312,287,10),(313,288,10),(314,289,10),(315,290,10),(316,291,10),(317,292,10),(318,293,10),(319,294,10),(320,295,10),(321,296,10),(326,297,10),(325,298,10),(327,299,2),(328,300,2),(329,301,2),(330,302,2),(331,303,2),(332,304,2),(333,305,2),(334,306,2),(335,307,2),(336,308,2),(337,309,2),(338,310,2),(339,311,2),(340,312,2),(341,313,2),(342,314,2),(343,315,2),(344,316,2),(345,317,2),(346,318,2),(347,319,2),(348,320,2),(349,321,2),(350,322,3),(351,323,3),(352,324,3),(353,325,3),(354,326,3),(355,327,3),(356,328,3),(357,329,3),(358,330,3),(359,331,3),(360,332,3),(361,333,3),(362,334,3),(363,335,3),(364,336,3),(365,337,3),(366,338,3),(367,339,3),(368,340,3),(369,341,3),(370,342,4),(371,343,4),(372,344,4),(373,345,4),(374,346,4),(375,347,4),(376,348,4),(377,349,4),(378,350,4),(379,351,4),(380,352,4),(381,353,4),(382,354,4),(383,355,4),(384,356,4),(385,357,4),(386,358,4),(387,359,4),(388,360,4),(389,361,4),(390,362,4),(391,363,4),(402,364,9),(403,365,2),(404,366,2),(405,367,2),(406,368,2),(407,369,2),(408,370,2),(409,371,2),(410,372,2),(411,373,2),(412,374,2),(413,375,3),(414,376,3),(415,377,3),(416,378,3),(417,379,3),(418,380,3),(419,381,3),(420,382,3),(421,383,3),(422,384,3),(423,385,4),(424,386,4),(425,387,4),(426,388,4),(427,389,4),(428,390,4),(429,391,4),(430,392,4),(431,393,4),(432,394,4);
/*!40000 ALTER TABLE `website_article_column` ENABLE KEYS */;
UNLOCK TABLES;

--
-- Table structure for table `website_article_tags`
--

DROP TABLE IF EXISTS `website_article_tags`;
/*!40101 SET @saved_cs_client     = @@character_set_client */;
/*!40101 SET character_set_client = utf8 */;
CREATE TABLE `website_article_tags` (
  `id` int(11) NOT NULL AUTO_INCREMENT,
  `article_id` int(11) NOT NULL,
  `tag_id` int(11) NOT NULL,
  PRIMARY KEY (`id`),
  UNIQUE KEY `article_id` (`article_id`,`tag_id`),
  KEY `website_article_tags_tag_id_6254aae9_fk_website_tag_id` (`tag_id`),
  CONSTRAINT `website_article_tags_article_id_22542b81_fk_website_article_id` FOREIGN KEY (`article_id`) REFERENCES `website_article` (`id`),
  CONSTRAINT `website_article_tags_tag_id_6254aae9_fk_website_tag_id` FOREIGN KEY (`tag_id`) REFERENCES `website_tag` (`id`)
) ENGINE=InnoDB AUTO_INCREMENT=51 DEFAULT CHARSET=utf8;
/*!40101 SET character_set_client = @saved_cs_client */;

--
-- Dumping data for table `website_article_tags`
--

LOCK TABLES `website_article_tags` WRITE;
/*!40000 ALTER TABLE `website_article_tags` DISABLE KEYS */;
INSERT INTO `website_article_tags` VALUES (17,1,1),(18,1,2),(19,1,3),(20,1,4),(21,1,5),(22,1,6),(7,9,1),(8,9,2),(9,9,6),(14,10,2),(15,10,3),(16,10,4),(10,27,1),(11,27,2),(12,27,3),(13,27,4),(3,32,4),(32,34,1),(33,34,2),(34,34,4),(38,297,1),(39,297,4),(36,298,4),(37,298,7),(50,364,1);
/*!40000 ALTER TABLE `website_article_tags` ENABLE KEYS */;
UNLOCK TABLES;

--
-- Table structure for table `website_column`
--

DROP TABLE IF EXISTS `website_column`;
/*!40101 SET @saved_cs_client     = @@character_set_client */;
/*!40101 SET character_set_client = utf8 */;
CREATE TABLE `website_column` (
  `id` int(11) NOT NULL AUTO_INCREMENT,
  `name` varchar(256) NOT NULL,
  `slug` varchar(256) NOT NULL,
  `intro` longtext NOT NULL,
  `blog_nav` tinyint(1) NOT NULL,
  `news_nav` tinyint(1) NOT NULL,
  PRIMARY KEY (`id`),
  KEY `website_column_2dbcba41` (`slug`(255))
) ENGINE=InnoDB AUTO_INCREMENT=12 DEFAULT CHARSET=utf8;
/*!40101 SET character_set_client = @saved_cs_client */;

--
-- Dumping data for table `website_column`
--

LOCK TABLES `website_column` WRITE;
/*!40000 ALTER TABLE `website_column` DISABLE KEYS */;
INSERT INTO `website_column` VALUES (2,'体育新闻','sports','sportssportssportssportssportssportssports',0,1),(3,'社会新闻','society','社会新闻',0,1),(4,'科技新闻','tech','科技新闻',0,1),(6,'免责声明','declear','免责声明',0,0),(7,'linux','linux','linux',1,0),(8,'Python','Python','Python',1,0),(9,'django','django','django',1,0),(10,'acm_pku','acm_pku','acm_pku',1,0),(11,'git','git','git',1,0);
/*!40000 ALTER TABLE `website_column` ENABLE KEYS */;
UNLOCK TABLES;

--
-- Table structure for table `website_tag`
--

DROP TABLE IF EXISTS `website_tag`;
/*!40101 SET @saved_cs_client     = @@character_set_client */;
/*!40101 SET character_set_client = utf8 */;
CREATE TABLE `website_tag` (
  `id` int(11) NOT NULL AUTO_INCREMENT,
  `name` varchar(16) NOT NULL,
  PRIMARY KEY (`id`)
) ENGINE=InnoDB AUTO_INCREMENT=8 DEFAULT CHARSET=utf8;
/*!40101 SET character_set_client = @saved_cs_client */;

--
-- Dumping data for table `website_tag`
--

LOCK TABLES `website_tag` WRITE;
/*!40000 ALTER TABLE `website_tag` DISABLE KEYS */;
INSERT INTO `website_tag` VALUES (1,'python'),(2,'linux'),(3,'健身'),(4,'django'),(5,'囚徒健身'),(6,'罗玉凤'),(7,'acm_pku');
/*!40000 ALTER TABLE `website_tag` ENABLE KEYS */;
UNLOCK TABLES;
/*!40103 SET TIME_ZONE=@OLD_TIME_ZONE */;

/*!40101 SET SQL_MODE=@OLD_SQL_MODE */;
/*!40014 SET FOREIGN_KEY_CHECKS=@OLD_FOREIGN_KEY_CHECKS */;
/*!40014 SET UNIQUE_CHECKS=@OLD_UNIQUE_CHECKS */;
/*!40101 SET CHARACTER_SET_CLIENT=@OLD_CHARACTER_SET_CLIENT */;
/*!40101 SET CHARACTER_SET_RESULTS=@OLD_CHARACTER_SET_RESULTS */;
/*!40101 SET COLLATION_CONNECTION=@OLD_COLLATION_CONNECTION */;
/*!40111 SET SQL_NOTES=@OLD_SQL_NOTES */;

-- Dump completed on 2016-11-08 13:31:42
